ISO-10303-21;
HEADER;
/* Generated by software containing ST-Developer
 * from STEP Tools, Inc. (www.steptools.com) 
 */
/* OPTION: using custom renumber hook */

FILE_DESCRIPTION(
/* description */ ('STEP AP242 Edition 2',
'CAx-IF Rec.Pracs.---Representation and Presentation of Product Manufa
cturing Information (PMI)---4.0---2014-10-13',
'CAx-IF Rec.Pracs.---3D Tessellated Geometry---0.4---2014-09-14','2;1',
'CAx-IF Rec.Pracs.---User Defined Attributes---1.5---2016-08-15'),
/* implementation_level */ '2;1');

FILE_NAME(
/* name */ 'MP3_ESP32_C3 - MP3_COVER_Main',
/* time_stamp */ '2026-07-31T19:03:04Z',
/* author */ (''),
/* organization */ (''),
/* preprocessor_version */ 'ST-DEVELOPER v20',
/* originating_system */ 'ONSHAPE BY PTC INC, 1.218',
/* authorisation */ '  ');

FILE_SCHEMA (('AP242_MANAGED_MODEL_BASED_3D_ENGINEERING_MIM_LF { 1 0 10303 442 3 1 4 }'));
ENDSEC;

DATA;
#10=SHAPE_REPRESENTATION_RELATIONSHIP('','',#2307,#11);
#11=ADVANCED_BREP_SHAPE_REPRESENTATION('',(#2305),#3949);
#12=ELLIPSE('',#2524,0.00113420529682652,0.001);
#13=ELLIPSE('',#2532,0.00113420529682652,0.001);
#14=ELLIPSE('',#2540,0.00113420529682652,0.001);
#15=ELLIPSE('',#2551,0.00113420529682652,0.001);
#16=SPHERICAL_SURFACE('',#2515,0.001);
#17=SPHERICAL_SURFACE('',#2525,0.001);
#18=SPHERICAL_SURFACE('',#2528,0.001);
#19=SPHERICAL_SURFACE('',#2546,0.001);
#20=SPHERICAL_SURFACE('',#2548,0.001);
#21=SPHERICAL_SURFACE('',#2552,0.001);
#22=SPHERICAL_SURFACE('',#2562,0.001);
#23=SPHERICAL_SURFACE('',#2564,0.001);
#24=CYLINDRICAL_SURFACE('',#2338,0.006);
#25=CYLINDRICAL_SURFACE('',#2340,0.003);
#26=CYLINDRICAL_SURFACE('',#2344,0.003);
#27=CYLINDRICAL_SURFACE('',#2347,0.00420000000000037);
#28=CYLINDRICAL_SURFACE('',#2350,0.003);
#29=CYLINDRICAL_SURFACE('',#2353,0.003);
#30=CYLINDRICAL_SURFACE('',#2356,0.00420000000000842);
#31=CYLINDRICAL_SURFACE('',#2359,0.003);
#32=CYLINDRICAL_SURFACE('',#2366,0.003);
#33=CYLINDRICAL_SURFACE('',#2370,0.00420000000000409);
#34=CYLINDRICAL_SURFACE('',#2374,0.003);
#35=CYLINDRICAL_SURFACE('',#2378,0.003);
#36=CYLINDRICAL_SURFACE('',#2382,0.006);
#37=CYLINDRICAL_SURFACE('',#2385,0.00419999999999895);
#38=CYLINDRICAL_SURFACE('',#2388,0.006);
#39=CYLINDRICAL_SURFACE('',#2391,0.005);
#40=CYLINDRICAL_SURFACE('',#2401,0.0028);
#41=CYLINDRICAL_SURFACE('',#2404,0.0028);
#42=CYLINDRICAL_SURFACE('',#2407,0.0028);
#43=CYLINDRICAL_SURFACE('',#2410,0.0028);
#44=CYLINDRICAL_SURFACE('',#2432,0.0028);
#45=CYLINDRICAL_SURFACE('',#2435,0.0028);
#46=CYLINDRICAL_SURFACE('',#2438,0.0028);
#47=CYLINDRICAL_SURFACE('',#2441,0.0028);
#48=CYLINDRICAL_SURFACE('',#2442,0.003);
#49=CYLINDRICAL_SURFACE('',#2445,0.003);
#50=CYLINDRICAL_SURFACE('',#2447,0.00420000000000037);
#51=CYLINDRICAL_SURFACE('',#2449,0.003);
#52=CYLINDRICAL_SURFACE('',#2452,0.003);
#53=CYLINDRICAL_SURFACE('',#2454,0.00420000000000842);
#54=CYLINDRICAL_SURFACE('',#2456,0.003);
#55=CYLINDRICAL_SURFACE('',#2459,0.003);
#56=CYLINDRICAL_SURFACE('',#2461,0.00420000000000409);
#57=CYLINDRICAL_SURFACE('',#2463,0.003);
#58=CYLINDRICAL_SURFACE('',#2466,0.003);
#59=CYLINDRICAL_SURFACE('',#2468,0.00419999999999895);
#60=CYLINDRICAL_SURFACE('',#2475,0.0028);
#61=CYLINDRICAL_SURFACE('',#2478,0.0028);
#62=CYLINDRICAL_SURFACE('',#2485,0.0028);
#63=CYLINDRICAL_SURFACE('',#2488,0.0028);
#64=CYLINDRICAL_SURFACE('',#2498,0.0036);
#65=CYLINDRICAL_SURFACE('',#2507,0.00147267027304759);
#66=CYLINDRICAL_SURFACE('',#2508,0.00147267027304759);
#67=CYLINDRICAL_SURFACE('',#2509,0.00147267027304759);
#68=CYLINDRICAL_SURFACE('',#2510,0.00147267027304759);
#69=CYLINDRICAL_SURFACE('',#2519,0.001);
#70=CYLINDRICAL_SURFACE('',#2521,0.001);
#71=CYLINDRICAL_SURFACE('',#2523,0.001);
#72=CYLINDRICAL_SURFACE('',#2531,0.001);
#73=CYLINDRICAL_SURFACE('',#2533,0.001);
#74=CYLINDRICAL_SURFACE('',#2535,0.001);
#75=CYLINDRICAL_SURFACE('',#2537,0.001);
#76=CYLINDRICAL_SURFACE('',#2539,0.001);
#77=CYLINDRICAL_SURFACE('',#2541,0.001);
#78=CYLINDRICAL_SURFACE('',#2543,0.001);
#79=CYLINDRICAL_SURFACE('',#2550,0.001);
#80=CYLINDRICAL_SURFACE('',#2554,0.001);
#81=CYLINDRICAL_SURFACE('',#2556,0.001);
#82=CYLINDRICAL_SURFACE('',#2558,0.001);
#83=CYLINDRICAL_SURFACE('',#2560,0.001);
#84=CYLINDRICAL_SURFACE('',#2566,0.001);
#85=CIRCLE('',#2310,0.0036);
#86=CIRCLE('',#2312,0.0036);
#87=CIRCLE('',#2316,0.0028);
#88=CIRCLE('',#2317,0.0028);
#89=CIRCLE('',#2318,0.00300000000000007);
#90=CIRCLE('',#2319,0.0042);
#91=CIRCLE('',#2320,0.00300000000001309);
#92=CIRCLE('',#2321,0.00299999999999978);
#93=CIRCLE('',#2322,0.0042);
#94=CIRCLE('',#2323,0.00300000000000012);
#95=CIRCLE('',#2329,0.0028);
#96=CIRCLE('',#2330,0.006);
#97=CIRCLE('',#2333,0.00147267027304759);
#98=CIRCLE('',#2334,0.00147267027304759);
#99=CIRCLE('',#2335,0.00147267027304759);
#100=CIRCLE('',#2336,0.00147267027304759);
#101=CIRCLE('',#2339,0.006);
#102=CIRCLE('',#2341,0.00300000000000175);
#103=CIRCLE('',#2342,0.00300000000000175);
#104=CIRCLE('',#2343,0.003);
#105=CIRCLE('',#2345,0.00300000000000012);
#106=CIRCLE('',#2346,0.003);
#107=CIRCLE('',#2348,0.00420000000000037);
#108=CIRCLE('',#2349,0.00420000000000037);
#109=CIRCLE('',#2351,0.003);
#110=CIRCLE('',#2354,0.00300000000001309);
#111=CIRCLE('',#2355,0.003);
#112=CIRCLE('',#2357,0.00420000000000842);
#113=CIRCLE('',#2358,0.00420000000000842);
#114=CIRCLE('',#2360,0.003);
#115=CIRCLE('',#2362,0.00147267027304759);
#116=CIRCLE('',#2363,0.00147267027304759);
#117=CIRCLE('',#2364,0.00147267027304759);
#118=CIRCLE('',#2365,0.00147267027304759);
#119=CIRCLE('',#2367,0.00299999999999558);
#120=CIRCLE('',#2368,0.00299999999999558);
#121=CIRCLE('',#2369,0.003);
#122=CIRCLE('',#2371,0.003);
#123=CIRCLE('',#2372,0.00420000000000409);
#124=CIRCLE('',#2373,0.0042);
#125=CIRCLE('',#2375,0.003);
#126=CIRCLE('',#2376,0.003);
#127=CIRCLE('',#2379,0.0030000000000003);
#128=CIRCLE('',#2380,0.0030000000000003);
#129=CIRCLE('',#2381,0.003);
#130=CIRCLE('',#2383,0.006);
#131=CIRCLE('',#2384,0.006);
#132=CIRCLE('',#2386,0.00419999999999895);
#133=CIRCLE('',#2387,0.0042);
#134=CIRCLE('',#2389,0.006);
#135=CIRCLE('',#2390,0.006);
#136=CIRCLE('',#2392,0.005);
#137=CIRCLE('',#2393,0.005);
#138=CIRCLE('',#2396,0.0028);
#139=CIRCLE('',#2398,0.0028);
#140=CIRCLE('',#2400,0.0028);
#141=CIRCLE('',#2402,0.0028);
#142=CIRCLE('',#2405,0.0028);
#143=CIRCLE('',#2408,0.0028);
#144=CIRCLE('',#2411,0.0028);
#145=CIRCLE('',#2414,0.003);
#146=CIRCLE('',#2415,0.003);
#147=CIRCLE('',#2416,0.00420000000000037);
#148=CIRCLE('',#2417,0.003);
#149=CIRCLE('',#2418,0.003);
#150=CIRCLE('',#2419,0.00420000000000842);
#151=CIRCLE('',#2420,0.003);
#152=CIRCLE('',#2421,0.003);
#153=CIRCLE('',#2422,0.00420000000000409);
#154=CIRCLE('',#2423,0.003);
#155=CIRCLE('',#2424,0.003);
#156=CIRCLE('',#2425,0.00419999999999895);
#157=CIRCLE('',#2426,0.0028);
#158=CIRCLE('',#2427,0.0028);
#159=CIRCLE('',#2428,0.0028);
#160=CIRCLE('',#2429,0.0028);
#161=CIRCLE('',#2431,0.0028);
#162=CIRCLE('',#2434,0.0028);
#163=CIRCLE('',#2437,0.0028);
#164=CIRCLE('',#2440,0.0028);
#165=CIRCLE('',#2443,0.003);
#166=CIRCLE('',#2446,0.003);
#167=CIRCLE('',#2448,0.00420000000000037);
#168=CIRCLE('',#2450,0.003);
#169=CIRCLE('',#2453,0.003);
#170=CIRCLE('',#2455,0.00420000000000842);
#171=CIRCLE('',#2457,0.003);
#172=CIRCLE('',#2460,0.003);
#173=CIRCLE('',#2462,0.00420000000000409);
#174=CIRCLE('',#2464,0.003);
#175=CIRCLE('',#2467,0.003);
#176=CIRCLE('',#2469,0.00419999999999895);
#177=CIRCLE('',#2476,0.0028);
#178=CIRCLE('',#2479,0.0028);
#179=CIRCLE('',#2483,0.0028);
#180=CIRCLE('',#2484,0.0028);
#181=CIRCLE('',#2486,0.0028);
#182=CIRCLE('',#2489,0.0028);
#183=CIRCLE('',#2516,0.001);
#184=CIRCLE('',#2517,0.001);
#185=CIRCLE('',#2518,0.001);
#186=CIRCLE('',#2520,0.001);
#187=CIRCLE('',#2522,0.001);
#188=CIRCLE('',#2526,0.001);
#189=CIRCLE('',#2527,0.001);
#190=CIRCLE('',#2529,0.001);
#191=CIRCLE('',#2530,0.001);
#192=CIRCLE('',#2534,0.001);
#193=CIRCLE('',#2536,0.001);
#194=CIRCLE('',#2538,0.001);
#195=CIRCLE('',#2542,0.001);
#196=CIRCLE('',#2544,0.001);
#197=CIRCLE('',#2545,0.001);
#198=CIRCLE('',#2547,0.001);
#199=CIRCLE('',#2549,0.001);
#200=CIRCLE('',#2553,0.001);
#201=CIRCLE('',#2555,0.001);
#202=CIRCLE('',#2557,0.001);
#203=CIRCLE('',#2559,0.001);
#204=CIRCLE('',#2561,0.001);
#205=CIRCLE('',#2563,0.001);
#206=CIRCLE('',#2565,0.001);
#207=ORIENTED_EDGE('',*,*,#835,.T.);
#208=ORIENTED_EDGE('',*,*,#836,.T.);
#209=ORIENTED_EDGE('',*,*,#837,.T.);
#210=ORIENTED_EDGE('',*,*,#838,.T.);
#211=ORIENTED_EDGE('',*,*,#839,.T.);
#212=ORIENTED_EDGE('',*,*,#840,.T.);
#213=ORIENTED_EDGE('',*,*,#841,.T.);
#214=ORIENTED_EDGE('',*,*,#842,.T.);
#215=ORIENTED_EDGE('',*,*,#843,.T.);
#216=ORIENTED_EDGE('',*,*,#844,.T.);
#217=ORIENTED_EDGE('',*,*,#845,.T.);
#218=ORIENTED_EDGE('',*,*,#846,.T.);
#219=ORIENTED_EDGE('',*,*,#847,.T.);
#220=ORIENTED_EDGE('',*,*,#848,.F.);
#221=ORIENTED_EDGE('',*,*,#849,.F.);
#222=ORIENTED_EDGE('',*,*,#850,.T.);
#223=ORIENTED_EDGE('',*,*,#851,.T.);
#224=ORIENTED_EDGE('',*,*,#852,.T.);
#225=ORIENTED_EDGE('',*,*,#853,.F.);
#226=ORIENTED_EDGE('',*,*,#854,.F.);
#227=ORIENTED_EDGE('',*,*,#855,.T.);
#228=ORIENTED_EDGE('',*,*,#856,.F.);
#229=ORIENTED_EDGE('',*,*,#857,.T.);
#230=ORIENTED_EDGE('',*,*,#858,.T.);
#231=ORIENTED_EDGE('',*,*,#859,.T.);
#232=ORIENTED_EDGE('',*,*,#860,.F.);
#233=ORIENTED_EDGE('',*,*,#861,.F.);
#234=ORIENTED_EDGE('',*,*,#862,.T.);
#235=ORIENTED_EDGE('',*,*,#863,.F.);
#236=ORIENTED_EDGE('',*,*,#864,.T.);
#237=ORIENTED_EDGE('',*,*,#865,.F.);
#238=ORIENTED_EDGE('',*,*,#866,.T.);
#239=ORIENTED_EDGE('',*,*,#867,.F.);
#240=ORIENTED_EDGE('',*,*,#868,.F.);
#241=ORIENTED_EDGE('',*,*,#869,.T.);
#242=ORIENTED_EDGE('',*,*,#870,.T.);
#243=ORIENTED_EDGE('',*,*,#871,.T.);
#244=ORIENTED_EDGE('',*,*,#872,.T.);
#245=ORIENTED_EDGE('',*,*,#873,.T.);
#246=ORIENTED_EDGE('',*,*,#874,.T.);
#247=ORIENTED_EDGE('',*,*,#875,.T.);
#248=ORIENTED_EDGE('',*,*,#865,.T.);
#249=ORIENTED_EDGE('',*,*,#876,.T.);
#250=ORIENTED_EDGE('',*,*,#859,.F.);
#251=ORIENTED_EDGE('',*,*,#877,.T.);
#252=ORIENTED_EDGE('',*,*,#878,.T.);
#253=ORIENTED_EDGE('',*,*,#879,.F.);
#254=ORIENTED_EDGE('',*,*,#880,.T.);
#255=ORIENTED_EDGE('',*,*,#881,.F.);
#256=ORIENTED_EDGE('',*,*,#882,.F.);
#257=ORIENTED_EDGE('',*,*,#883,.F.);
#258=ORIENTED_EDGE('',*,*,#884,.T.);
#259=ORIENTED_EDGE('',*,*,#885,.F.);
#260=ORIENTED_EDGE('',*,*,#852,.F.);
#261=ORIENTED_EDGE('',*,*,#886,.F.);
#262=ORIENTED_EDGE('',*,*,#887,.F.);
#263=ORIENTED_EDGE('',*,*,#888,.T.);
#264=ORIENTED_EDGE('',*,*,#889,.T.);
#265=ORIENTED_EDGE('',*,*,#890,.T.);
#266=ORIENTED_EDGE('',*,*,#891,.T.);
#267=ORIENTED_EDGE('',*,*,#892,.T.);
#268=ORIENTED_EDGE('',*,*,#893,.T.);
#269=ORIENTED_EDGE('',*,*,#894,.F.);
#270=ORIENTED_EDGE('',*,*,#888,.F.);
#271=ORIENTED_EDGE('',*,*,#895,.T.);
#272=ORIENTED_EDGE('',*,*,#896,.T.);
#273=ORIENTED_EDGE('',*,*,#897,.F.);
#274=ORIENTED_EDGE('',*,*,#893,.F.);
#275=ORIENTED_EDGE('',*,*,#896,.F.);
#276=ORIENTED_EDGE('',*,*,#898,.F.);
#277=ORIENTED_EDGE('',*,*,#886,.T.);
#278=ORIENTED_EDGE('',*,*,#899,.T.);
#279=ORIENTED_EDGE('',*,*,#900,.F.);
#280=ORIENTED_EDGE('',*,*,#901,.T.);
#281=ORIENTED_EDGE('',*,*,#902,.F.);
#282=ORIENTED_EDGE('',*,*,#891,.F.);
#283=ORIENTED_EDGE('',*,*,#903,.T.);
#284=ORIENTED_EDGE('',*,*,#899,.F.);
#285=ORIENTED_EDGE('',*,*,#904,.T.);
#286=ORIENTED_EDGE('',*,*,#905,.T.);
#287=ORIENTED_EDGE('',*,*,#906,.T.);
#288=ORIENTED_EDGE('',*,*,#907,.T.);
#289=ORIENTED_EDGE('',*,*,#908,.T.);
#290=ORIENTED_EDGE('',*,*,#909,.T.);
#291=ORIENTED_EDGE('',*,*,#910,.T.);
#292=ORIENTED_EDGE('',*,*,#911,.T.);
#293=ORIENTED_EDGE('',*,*,#912,.T.);
#294=ORIENTED_EDGE('',*,*,#913,.T.);
#295=ORIENTED_EDGE('',*,*,#914,.T.);
#296=ORIENTED_EDGE('',*,*,#915,.T.);
#297=ORIENTED_EDGE('',*,*,#916,.T.);
#298=ORIENTED_EDGE('',*,*,#917,.T.);
#299=ORIENTED_EDGE('',*,*,#918,.F.);
#300=ORIENTED_EDGE('',*,*,#919,.T.);
#301=ORIENTED_EDGE('',*,*,#920,.T.);
#302=ORIENTED_EDGE('',*,*,#921,.T.);
#303=ORIENTED_EDGE('',*,*,#922,.T.);
#304=ORIENTED_EDGE('',*,*,#923,.T.);
#305=ORIENTED_EDGE('',*,*,#924,.F.);
#306=ORIENTED_EDGE('',*,*,#925,.T.);
#307=ORIENTED_EDGE('',*,*,#926,.T.);
#308=ORIENTED_EDGE('',*,*,#927,.T.);
#309=ORIENTED_EDGE('',*,*,#928,.T.);
#310=ORIENTED_EDGE('',*,*,#929,.T.);
#311=ORIENTED_EDGE('',*,*,#903,.F.);
#312=ORIENTED_EDGE('',*,*,#890,.F.);
#313=ORIENTED_EDGE('',*,*,#930,.T.);
#314=ORIENTED_EDGE('',*,*,#900,.T.);
#315=ORIENTED_EDGE('',*,*,#931,.T.);
#316=ORIENTED_EDGE('',*,*,#932,.F.);
#317=ORIENTED_EDGE('',*,*,#933,.F.);
#318=ORIENTED_EDGE('',*,*,#934,.T.);
#319=ORIENTED_EDGE('',*,*,#855,.F.);
#320=ORIENTED_EDGE('',*,*,#935,.F.);
#321=ORIENTED_EDGE('',*,*,#853,.T.);
#322=ORIENTED_EDGE('',*,*,#885,.T.);
#323=ORIENTED_EDGE('',*,*,#936,.T.);
#324=ORIENTED_EDGE('',*,*,#937,.F.);
#325=ORIENTED_EDGE('',*,*,#938,.F.);
#326=ORIENTED_EDGE('',*,*,#939,.F.);
#327=ORIENTED_EDGE('',*,*,#940,.F.);
#328=ORIENTED_EDGE('',*,*,#941,.F.);
#329=ORIENTED_EDGE('',*,*,#942,.T.);
#330=ORIENTED_EDGE('',*,*,#938,.T.);
#331=ORIENTED_EDGE('',*,*,#937,.T.);
#332=ORIENTED_EDGE('',*,*,#936,.F.);
#333=ORIENTED_EDGE('',*,*,#884,.F.);
#334=ORIENTED_EDGE('',*,*,#943,.T.);
#335=ORIENTED_EDGE('',*,*,#941,.T.);
#336=ORIENTED_EDGE('',*,*,#940,.T.);
#337=ORIENTED_EDGE('',*,*,#943,.F.);
#338=ORIENTED_EDGE('',*,*,#883,.T.);
#339=ORIENTED_EDGE('',*,*,#944,.F.);
#340=ORIENTED_EDGE('',*,*,#945,.F.);
#341=ORIENTED_EDGE('',*,*,#944,.T.);
#342=ORIENTED_EDGE('',*,*,#882,.T.);
#343=ORIENTED_EDGE('',*,*,#946,.F.);
#344=ORIENTED_EDGE('',*,*,#947,.F.);
#345=ORIENTED_EDGE('',*,*,#946,.T.);
#346=ORIENTED_EDGE('',*,*,#881,.T.);
#347=ORIENTED_EDGE('',*,*,#948,.T.);
#348=ORIENTED_EDGE('',*,*,#949,.F.);
#349=ORIENTED_EDGE('',*,*,#950,.F.);
#350=ORIENTED_EDGE('',*,*,#951,.F.);
#351=ORIENTED_EDGE('',*,*,#952,.F.);
#352=ORIENTED_EDGE('',*,*,#953,.F.);
#353=ORIENTED_EDGE('',*,*,#954,.T.);
#354=ORIENTED_EDGE('',*,*,#950,.T.);
#355=ORIENTED_EDGE('',*,*,#949,.T.);
#356=ORIENTED_EDGE('',*,*,#948,.F.);
#357=ORIENTED_EDGE('',*,*,#880,.F.);
#358=ORIENTED_EDGE('',*,*,#955,.T.);
#359=ORIENTED_EDGE('',*,*,#953,.T.);
#360=ORIENTED_EDGE('',*,*,#952,.T.);
#361=ORIENTED_EDGE('',*,*,#955,.F.);
#362=ORIENTED_EDGE('',*,*,#879,.T.);
#363=ORIENTED_EDGE('',*,*,#956,.F.);
#364=ORIENTED_EDGE('',*,*,#957,.F.);
#365=ORIENTED_EDGE('',*,*,#958,.F.);
#366=ORIENTED_EDGE('',*,*,#959,.T.);
#367=ORIENTED_EDGE('',*,*,#960,.T.);
#368=ORIENTED_EDGE('',*,*,#961,.T.);
#369=ORIENTED_EDGE('',*,*,#962,.T.);
#370=ORIENTED_EDGE('',*,*,#963,.T.);
#371=ORIENTED_EDGE('',*,*,#964,.F.);
#372=ORIENTED_EDGE('',*,*,#965,.T.);
#373=ORIENTED_EDGE('',*,*,#966,.F.);
#374=ORIENTED_EDGE('',*,*,#967,.T.);
#375=ORIENTED_EDGE('',*,*,#968,.T.);
#376=ORIENTED_EDGE('',*,*,#969,.F.);
#377=ORIENTED_EDGE('',*,*,#878,.F.);
#378=ORIENTED_EDGE('',*,*,#970,.T.);
#379=ORIENTED_EDGE('',*,*,#971,.F.);
#380=ORIENTED_EDGE('',*,*,#972,.F.);
#381=ORIENTED_EDGE('',*,*,#973,.T.);
#382=ORIENTED_EDGE('',*,*,#956,.T.);
#383=ORIENTED_EDGE('',*,*,#972,.T.);
#384=ORIENTED_EDGE('',*,*,#974,.T.);
#385=ORIENTED_EDGE('',*,*,#975,.T.);
#386=ORIENTED_EDGE('',*,*,#976,.F.);
#387=ORIENTED_EDGE('',*,*,#977,.F.);
#388=ORIENTED_EDGE('',*,*,#978,.F.);
#389=ORIENTED_EDGE('',*,*,#979,.T.);
#390=ORIENTED_EDGE('',*,*,#980,.F.);
#391=ORIENTED_EDGE('',*,*,#981,.T.);
#392=ORIENTED_EDGE('',*,*,#977,.T.);
#393=ORIENTED_EDGE('',*,*,#976,.T.);
#394=ORIENTED_EDGE('',*,*,#975,.F.);
#395=ORIENTED_EDGE('',*,*,#982,.F.);
#396=ORIENTED_EDGE('',*,*,#983,.T.);
#397=ORIENTED_EDGE('',*,*,#980,.T.);
#398=ORIENTED_EDGE('',*,*,#979,.F.);
#399=ORIENTED_EDGE('',*,*,#983,.F.);
#400=ORIENTED_EDGE('',*,*,#984,.T.);
#401=ORIENTED_EDGE('',*,*,#985,.F.);
#402=ORIENTED_EDGE('',*,*,#986,.F.);
#403=ORIENTED_EDGE('',*,*,#985,.T.);
#404=ORIENTED_EDGE('',*,*,#987,.F.);
#405=ORIENTED_EDGE('',*,*,#988,.F.);
#406=ORIENTED_EDGE('',*,*,#989,.T.);
#407=ORIENTED_EDGE('',*,*,#988,.T.);
#408=ORIENTED_EDGE('',*,*,#990,.T.);
#409=ORIENTED_EDGE('',*,*,#991,.T.);
#410=ORIENTED_EDGE('',*,*,#992,.F.);
#411=ORIENTED_EDGE('',*,*,#993,.F.);
#412=ORIENTED_EDGE('',*,*,#994,.F.);
#413=ORIENTED_EDGE('',*,*,#995,.T.);
#414=ORIENTED_EDGE('',*,*,#996,.F.);
#415=ORIENTED_EDGE('',*,*,#932,.T.);
#416=ORIENTED_EDGE('',*,*,#931,.F.);
#417=ORIENTED_EDGE('',*,*,#997,.T.);
#418=ORIENTED_EDGE('',*,*,#993,.T.);
#419=ORIENTED_EDGE('',*,*,#992,.T.);
#420=ORIENTED_EDGE('',*,*,#991,.F.);
#421=ORIENTED_EDGE('',*,*,#998,.F.);
#422=ORIENTED_EDGE('',*,*,#933,.T.);
#423=ORIENTED_EDGE('',*,*,#999,.T.);
#424=ORIENTED_EDGE('',*,*,#1000,.F.);
#425=ORIENTED_EDGE('',*,*,#1001,.T.);
#426=ORIENTED_EDGE('',*,*,#1002,.F.);
#427=ORIENTED_EDGE('',*,*,#1001,.F.);
#428=ORIENTED_EDGE('',*,*,#999,.F.);
#429=ORIENTED_EDGE('',*,*,#935,.T.);
#430=ORIENTED_EDGE('',*,*,#854,.T.);
#431=ORIENTED_EDGE('',*,*,#939,.T.);
#432=ORIENTED_EDGE('',*,*,#942,.F.);
#433=ORIENTED_EDGE('',*,*,#945,.T.);
#434=ORIENTED_EDGE('',*,*,#947,.T.);
#435=ORIENTED_EDGE('',*,*,#951,.T.);
#436=ORIENTED_EDGE('',*,*,#954,.F.);
#437=ORIENTED_EDGE('',*,*,#957,.T.);
#438=ORIENTED_EDGE('',*,*,#973,.F.);
#439=ORIENTED_EDGE('',*,*,#978,.T.);
#440=ORIENTED_EDGE('',*,*,#981,.F.);
#441=ORIENTED_EDGE('',*,*,#986,.T.);
#442=ORIENTED_EDGE('',*,*,#989,.F.);
#443=ORIENTED_EDGE('',*,*,#994,.T.);
#444=ORIENTED_EDGE('',*,*,#997,.F.);
#445=ORIENTED_EDGE('',*,*,#995,.F.);
#446=ORIENTED_EDGE('',*,*,#901,.F.);
#447=ORIENTED_EDGE('',*,*,#930,.F.);
#448=ORIENTED_EDGE('',*,*,#889,.F.);
#449=ORIENTED_EDGE('',*,*,#894,.T.);
#450=ORIENTED_EDGE('',*,*,#897,.T.);
#451=ORIENTED_EDGE('',*,*,#1003,.F.);
#452=ORIENTED_EDGE('',*,*,#1000,.T.);
#453=ORIENTED_EDGE('',*,*,#1004,.F.);
#454=ORIENTED_EDGE('',*,*,#996,.T.);
#455=ORIENTED_EDGE('',*,*,#1005,.F.);
#456=ORIENTED_EDGE('',*,*,#1002,.T.);
#457=ORIENTED_EDGE('',*,*,#1006,.F.);
#458=ORIENTED_EDGE('',*,*,#1005,.T.);
#459=ORIENTED_EDGE('',*,*,#1006,.T.);
#460=ORIENTED_EDGE('',*,*,#1007,.F.);
#461=ORIENTED_EDGE('',*,*,#1004,.T.);
#462=ORIENTED_EDGE('',*,*,#1007,.T.);
#463=ORIENTED_EDGE('',*,*,#1008,.F.);
#464=ORIENTED_EDGE('',*,*,#1003,.T.);
#465=ORIENTED_EDGE('',*,*,#1008,.T.);
#466=ORIENTED_EDGE('',*,*,#1009,.F.);
#467=ORIENTED_EDGE('',*,*,#902,.T.);
#468=ORIENTED_EDGE('',*,*,#1009,.T.);
#469=ORIENTED_EDGE('',*,*,#1010,.T.);
#470=ORIENTED_EDGE('',*,*,#1011,.T.);
#471=ORIENTED_EDGE('',*,*,#1012,.F.);
#472=ORIENTED_EDGE('',*,*,#1013,.F.);
#473=ORIENTED_EDGE('',*,*,#1014,.T.);
#474=ORIENTED_EDGE('',*,*,#1015,.T.);
#475=ORIENTED_EDGE('',*,*,#1016,.T.);
#476=ORIENTED_EDGE('',*,*,#1017,.F.);
#477=ORIENTED_EDGE('',*,*,#1018,.T.);
#478=ORIENTED_EDGE('',*,*,#1019,.T.);
#479=ORIENTED_EDGE('',*,*,#1020,.T.);
#480=ORIENTED_EDGE('',*,*,#1021,.F.);
#481=ORIENTED_EDGE('',*,*,#1022,.T.);
#482=ORIENTED_EDGE('',*,*,#1023,.F.);
#483=ORIENTED_EDGE('',*,*,#1024,.T.);
#484=ORIENTED_EDGE('',*,*,#1025,.F.);
#485=ORIENTED_EDGE('',*,*,#1026,.T.);
#486=ORIENTED_EDGE('',*,*,#1027,.F.);
#487=ORIENTED_EDGE('',*,*,#1028,.T.);
#488=ORIENTED_EDGE('',*,*,#1029,.F.);
#489=ORIENTED_EDGE('',*,*,#1030,.T.);
#490=ORIENTED_EDGE('',*,*,#1031,.T.);
#491=ORIENTED_EDGE('',*,*,#1032,.T.);
#492=ORIENTED_EDGE('',*,*,#1033,.T.);
#493=ORIENTED_EDGE('',*,*,#1034,.T.);
#494=ORIENTED_EDGE('',*,*,#1034,.F.);
#495=ORIENTED_EDGE('',*,*,#1033,.F.);
#496=ORIENTED_EDGE('',*,*,#1035,.T.);
#497=ORIENTED_EDGE('',*,*,#1035,.F.);
#498=ORIENTED_EDGE('',*,*,#1032,.F.);
#499=ORIENTED_EDGE('',*,*,#1036,.T.);
#500=ORIENTED_EDGE('',*,*,#1036,.F.);
#501=ORIENTED_EDGE('',*,*,#1031,.F.);
#502=ORIENTED_EDGE('',*,*,#1037,.T.);
#503=ORIENTED_EDGE('',*,*,#1037,.F.);
#504=ORIENTED_EDGE('',*,*,#1030,.F.);
#505=ORIENTED_EDGE('',*,*,#1014,.F.);
#506=ORIENTED_EDGE('',*,*,#1038,.F.);
#507=ORIENTED_EDGE('',*,*,#1039,.T.);
#508=ORIENTED_EDGE('',*,*,#1040,.T.);
#509=ORIENTED_EDGE('',*,*,#1015,.F.);
#510=ORIENTED_EDGE('',*,*,#1040,.F.);
#511=ORIENTED_EDGE('',*,*,#1041,.T.);
#512=ORIENTED_EDGE('',*,*,#1042,.T.);
#513=ORIENTED_EDGE('',*,*,#1016,.F.);
#514=ORIENTED_EDGE('',*,*,#1042,.F.);
#515=ORIENTED_EDGE('',*,*,#1043,.T.);
#516=ORIENTED_EDGE('',*,*,#1044,.T.);
#517=ORIENTED_EDGE('',*,*,#1017,.T.);
#518=ORIENTED_EDGE('',*,*,#1044,.F.);
#519=ORIENTED_EDGE('',*,*,#1045,.F.);
#520=ORIENTED_EDGE('',*,*,#1046,.T.);
#521=ORIENTED_EDGE('',*,*,#1018,.F.);
#522=ORIENTED_EDGE('',*,*,#1046,.F.);
#523=ORIENTED_EDGE('',*,*,#1047,.T.);
#524=ORIENTED_EDGE('',*,*,#1048,.T.);
#525=ORIENTED_EDGE('',*,*,#1019,.F.);
#526=ORIENTED_EDGE('',*,*,#1048,.F.);
#527=ORIENTED_EDGE('',*,*,#1049,.T.);
#528=ORIENTED_EDGE('',*,*,#1050,.T.);
#529=ORIENTED_EDGE('',*,*,#1020,.F.);
#530=ORIENTED_EDGE('',*,*,#1050,.F.);
#531=ORIENTED_EDGE('',*,*,#1051,.T.);
#532=ORIENTED_EDGE('',*,*,#1052,.T.);
#533=ORIENTED_EDGE('',*,*,#1021,.T.);
#534=ORIENTED_EDGE('',*,*,#1052,.F.);
#535=ORIENTED_EDGE('',*,*,#1053,.F.);
#536=ORIENTED_EDGE('',*,*,#1054,.T.);
#537=ORIENTED_EDGE('',*,*,#1022,.F.);
#538=ORIENTED_EDGE('',*,*,#1054,.F.);
#539=ORIENTED_EDGE('',*,*,#1055,.T.);
#540=ORIENTED_EDGE('',*,*,#1056,.T.);
#541=ORIENTED_EDGE('',*,*,#1023,.T.);
#542=ORIENTED_EDGE('',*,*,#1056,.F.);
#543=ORIENTED_EDGE('',*,*,#1057,.F.);
#544=ORIENTED_EDGE('',*,*,#1058,.T.);
#545=ORIENTED_EDGE('',*,*,#1024,.F.);
#546=ORIENTED_EDGE('',*,*,#1058,.F.);
#547=ORIENTED_EDGE('',*,*,#1059,.T.);
#548=ORIENTED_EDGE('',*,*,#1060,.T.);
#549=ORIENTED_EDGE('',*,*,#1025,.T.);
#550=ORIENTED_EDGE('',*,*,#1060,.F.);
#551=ORIENTED_EDGE('',*,*,#1061,.F.);
#552=ORIENTED_EDGE('',*,*,#1062,.T.);
#553=ORIENTED_EDGE('',*,*,#1026,.F.);
#554=ORIENTED_EDGE('',*,*,#1062,.F.);
#555=ORIENTED_EDGE('',*,*,#1063,.T.);
#556=ORIENTED_EDGE('',*,*,#1064,.T.);
#557=ORIENTED_EDGE('',*,*,#1027,.T.);
#558=ORIENTED_EDGE('',*,*,#1064,.F.);
#559=ORIENTED_EDGE('',*,*,#1065,.F.);
#560=ORIENTED_EDGE('',*,*,#1066,.T.);
#561=ORIENTED_EDGE('',*,*,#1028,.F.);
#562=ORIENTED_EDGE('',*,*,#1066,.F.);
#563=ORIENTED_EDGE('',*,*,#1067,.T.);
#564=ORIENTED_EDGE('',*,*,#1068,.T.);
#565=ORIENTED_EDGE('',*,*,#1029,.T.);
#566=ORIENTED_EDGE('',*,*,#1068,.F.);
#567=ORIENTED_EDGE('',*,*,#1069,.F.);
#568=ORIENTED_EDGE('',*,*,#1038,.T.);
#569=ORIENTED_EDGE('',*,*,#1039,.F.);
#570=ORIENTED_EDGE('',*,*,#1069,.T.);
#571=ORIENTED_EDGE('',*,*,#1067,.F.);
#572=ORIENTED_EDGE('',*,*,#1065,.T.);
#573=ORIENTED_EDGE('',*,*,#1063,.F.);
#574=ORIENTED_EDGE('',*,*,#1061,.T.);
#575=ORIENTED_EDGE('',*,*,#1059,.F.);
#576=ORIENTED_EDGE('',*,*,#1057,.T.);
#577=ORIENTED_EDGE('',*,*,#1055,.F.);
#578=ORIENTED_EDGE('',*,*,#1053,.T.);
#579=ORIENTED_EDGE('',*,*,#1051,.F.);
#580=ORIENTED_EDGE('',*,*,#1049,.F.);
#581=ORIENTED_EDGE('',*,*,#1047,.F.);
#582=ORIENTED_EDGE('',*,*,#1045,.T.);
#583=ORIENTED_EDGE('',*,*,#1043,.F.);
#584=ORIENTED_EDGE('',*,*,#1041,.F.);
#585=ORIENTED_EDGE('',*,*,#887,.T.);
#586=ORIENTED_EDGE('',*,*,#898,.T.);
#587=ORIENTED_EDGE('',*,*,#895,.F.);
#588=ORIENTED_EDGE('',*,*,#892,.F.);
#589=ORIENTED_EDGE('',*,*,#1011,.F.);
#590=ORIENTED_EDGE('',*,*,#1070,.F.);
#591=ORIENTED_EDGE('',*,*,#1071,.T.);
#592=ORIENTED_EDGE('',*,*,#1072,.T.);
#593=ORIENTED_EDGE('',*,*,#1012,.T.);
#594=ORIENTED_EDGE('',*,*,#1072,.F.);
#595=ORIENTED_EDGE('',*,*,#1073,.F.);
#596=ORIENTED_EDGE('',*,*,#1074,.T.);
#597=ORIENTED_EDGE('',*,*,#1013,.T.);
#598=ORIENTED_EDGE('',*,*,#1074,.F.);
#599=ORIENTED_EDGE('',*,*,#1075,.F.);
#600=ORIENTED_EDGE('',*,*,#1076,.T.);
#601=ORIENTED_EDGE('',*,*,#1010,.F.);
#602=ORIENTED_EDGE('',*,*,#1076,.F.);
#603=ORIENTED_EDGE('',*,*,#1077,.T.);
#604=ORIENTED_EDGE('',*,*,#1070,.T.);
#605=ORIENTED_EDGE('',*,*,#874,.F.);
#606=ORIENTED_EDGE('',*,*,#1078,.T.);
#607=ORIENTED_EDGE('',*,*,#1078,.F.);
#608=ORIENTED_EDGE('',*,*,#873,.F.);
#609=ORIENTED_EDGE('',*,*,#1079,.T.);
#610=ORIENTED_EDGE('',*,*,#1079,.F.);
#611=ORIENTED_EDGE('',*,*,#876,.F.);
#612=ORIENTED_EDGE('',*,*,#872,.F.);
#613=ORIENTED_EDGE('',*,*,#1080,.T.);
#614=ORIENTED_EDGE('',*,*,#860,.T.);
#615=ORIENTED_EDGE('',*,*,#867,.T.);
#616=ORIENTED_EDGE('',*,*,#1081,.T.);
#617=ORIENTED_EDGE('',*,*,#850,.F.);
#618=ORIENTED_EDGE('',*,*,#934,.F.);
#619=ORIENTED_EDGE('',*,*,#998,.T.);
#620=ORIENTED_EDGE('',*,*,#990,.F.);
#621=ORIENTED_EDGE('',*,*,#987,.T.);
#622=ORIENTED_EDGE('',*,*,#984,.F.);
#623=ORIENTED_EDGE('',*,*,#982,.T.);
#624=ORIENTED_EDGE('',*,*,#974,.F.);
#625=ORIENTED_EDGE('',*,*,#971,.T.);
#626=ORIENTED_EDGE('',*,*,#1082,.T.);
#627=ORIENTED_EDGE('',*,*,#857,.F.);
#628=ORIENTED_EDGE('',*,*,#1083,.F.);
#629=ORIENTED_EDGE('',*,*,#1084,.F.);
#630=ORIENTED_EDGE('',*,*,#1085,.F.);
#631=ORIENTED_EDGE('',*,*,#1085,.T.);
#632=ORIENTED_EDGE('',*,*,#1086,.F.);
#633=ORIENTED_EDGE('',*,*,#1086,.T.);
#634=ORIENTED_EDGE('',*,*,#1084,.T.);
#635=ORIENTED_EDGE('',*,*,#1087,.F.);
#636=ORIENTED_EDGE('',*,*,#1087,.T.);
#637=ORIENTED_EDGE('',*,*,#1083,.T.);
#638=ORIENTED_EDGE('',*,*,#864,.F.);
#639=ORIENTED_EDGE('',*,*,#1088,.F.);
#640=ORIENTED_EDGE('',*,*,#868,.T.);
#641=ORIENTED_EDGE('',*,*,#851,.F.);
#642=ORIENTED_EDGE('',*,*,#1081,.F.);
#643=ORIENTED_EDGE('',*,*,#866,.F.);
#644=ORIENTED_EDGE('',*,*,#875,.F.);
#645=ORIENTED_EDGE('',*,*,#858,.F.);
#646=ORIENTED_EDGE('',*,*,#1082,.F.);
#647=ORIENTED_EDGE('',*,*,#970,.F.);
#648=ORIENTED_EDGE('',*,*,#877,.F.);
#649=ORIENTED_EDGE('',*,*,#1089,.F.);
#650=ORIENTED_EDGE('',*,*,#1090,.T.);
#651=ORIENTED_EDGE('',*,*,#1091,.T.);
#652=ORIENTED_EDGE('',*,*,#847,.F.);
#653=ORIENTED_EDGE('',*,*,#1091,.F.);
#654=ORIENTED_EDGE('',*,*,#1092,.T.);
#655=ORIENTED_EDGE('',*,*,#1093,.T.);
#656=ORIENTED_EDGE('',*,*,#848,.T.);
#657=ORIENTED_EDGE('',*,*,#1093,.F.);
#658=ORIENTED_EDGE('',*,*,#1094,.T.);
#659=ORIENTED_EDGE('',*,*,#1095,.T.);
#660=ORIENTED_EDGE('',*,*,#849,.T.);
#661=ORIENTED_EDGE('',*,*,#1095,.F.);
#662=ORIENTED_EDGE('',*,*,#1096,.T.);
#663=ORIENTED_EDGE('',*,*,#1089,.T.);
#664=ORIENTED_EDGE('',*,*,#846,.F.);
#665=ORIENTED_EDGE('',*,*,#845,.F.);
#666=ORIENTED_EDGE('',*,*,#856,.T.);
#667=ORIENTED_EDGE('',*,*,#1097,.F.);
#668=ORIENTED_EDGE('',*,*,#1098,.T.);
#669=ORIENTED_EDGE('',*,*,#1099,.T.);
#670=ORIENTED_EDGE('',*,*,#966,.T.);
#671=ORIENTED_EDGE('',*,*,#1099,.F.);
#672=ORIENTED_EDGE('',*,*,#1100,.T.);
#673=ORIENTED_EDGE('',*,*,#1101,.T.);
#674=ORIENTED_EDGE('',*,*,#967,.F.);
#675=ORIENTED_EDGE('',*,*,#1101,.F.);
#676=ORIENTED_EDGE('',*,*,#1102,.T.);
#677=ORIENTED_EDGE('',*,*,#1103,.T.);
#678=ORIENTED_EDGE('',*,*,#968,.F.);
#679=ORIENTED_EDGE('',*,*,#1103,.F.);
#680=ORIENTED_EDGE('',*,*,#1104,.T.);
#681=ORIENTED_EDGE('',*,*,#1097,.T.);
#682=ORIENTED_EDGE('',*,*,#969,.T.);
#683=ORIENTED_EDGE('',*,*,#958,.T.);
#684=ORIENTED_EDGE('',*,*,#1105,.T.);
#685=ORIENTED_EDGE('',*,*,#920,.F.);
#686=ORIENTED_EDGE('',*,*,#1106,.T.);
#687=ORIENTED_EDGE('',*,*,#918,.T.);
#688=ORIENTED_EDGE('',*,*,#1107,.T.);
#689=ORIENTED_EDGE('',*,*,#960,.F.);
#690=ORIENTED_EDGE('',*,*,#1108,.T.);
#691=ORIENTED_EDGE('',*,*,#962,.F.);
#692=ORIENTED_EDGE('',*,*,#1109,.T.);
#693=ORIENTED_EDGE('',*,*,#924,.T.);
#694=ORIENTED_EDGE('',*,*,#1110,.T.);
#695=ORIENTED_EDGE('',*,*,#964,.T.);
#696=ORIENTED_EDGE('',*,*,#1111,.T.);
#697=ORIENTED_EDGE('',*,*,#922,.F.);
#698=ORIENTED_EDGE('',*,*,#1112,.T.);
#699=ORIENTED_EDGE('',*,*,#925,.F.);
#700=ORIENTED_EDGE('',*,*,#1109,.F.);
#701=ORIENTED_EDGE('',*,*,#961,.F.);
#702=ORIENTED_EDGE('',*,*,#1107,.F.);
#703=ORIENTED_EDGE('',*,*,#923,.F.);
#704=ORIENTED_EDGE('',*,*,#1111,.F.);
#705=ORIENTED_EDGE('',*,*,#963,.F.);
#706=ORIENTED_EDGE('',*,*,#1110,.F.);
#707=ORIENTED_EDGE('',*,*,#921,.F.);
#708=ORIENTED_EDGE('',*,*,#1105,.F.);
#709=ORIENTED_EDGE('',*,*,#965,.F.);
#710=ORIENTED_EDGE('',*,*,#1112,.F.);
#711=ORIENTED_EDGE('',*,*,#919,.F.);
#712=ORIENTED_EDGE('',*,*,#1108,.F.);
#713=ORIENTED_EDGE('',*,*,#959,.F.);
#714=ORIENTED_EDGE('',*,*,#1106,.F.);
#715=ORIENTED_EDGE('',*,*,#1113,.F.);
#716=ORIENTED_EDGE('',*,*,#1100,.F.);
#717=ORIENTED_EDGE('',*,*,#1114,.F.);
#718=ORIENTED_EDGE('',*,*,#917,.F.);
#719=ORIENTED_EDGE('',*,*,#1114,.T.);
#720=ORIENTED_EDGE('',*,*,#1098,.F.);
#721=ORIENTED_EDGE('',*,*,#1115,.F.);
#722=ORIENTED_EDGE('',*,*,#914,.F.);
#723=ORIENTED_EDGE('',*,*,#1113,.T.);
#724=ORIENTED_EDGE('',*,*,#916,.F.);
#725=ORIENTED_EDGE('',*,*,#1116,.F.);
#726=ORIENTED_EDGE('',*,*,#1102,.F.);
#727=ORIENTED_EDGE('',*,*,#1115,.T.);
#728=ORIENTED_EDGE('',*,*,#1104,.F.);
#729=ORIENTED_EDGE('',*,*,#1116,.T.);
#730=ORIENTED_EDGE('',*,*,#915,.F.);
#731=ORIENTED_EDGE('',*,*,#1117,.F.);
#732=ORIENTED_EDGE('',*,*,#1118,.F.);
#733=ORIENTED_EDGE('',*,*,#1119,.F.);
#734=ORIENTED_EDGE('',*,*,#1118,.T.);
#735=ORIENTED_EDGE('',*,*,#841,.F.);
#736=ORIENTED_EDGE('',*,*,#1120,.F.);
#737=ORIENTED_EDGE('',*,*,#904,.F.);
#738=ORIENTED_EDGE('',*,*,#1119,.T.);
#739=ORIENTED_EDGE('',*,*,#907,.F.);
#740=ORIENTED_EDGE('',*,*,#1121,.F.);
#741=ORIENTED_EDGE('',*,*,#1080,.F.);
#742=ORIENTED_EDGE('',*,*,#1117,.T.);
#743=ORIENTED_EDGE('',*,*,#871,.F.);
#744=ORIENTED_EDGE('',*,*,#1122,.F.);
#745=ORIENTED_EDGE('',*,*,#842,.F.);
#746=ORIENTED_EDGE('',*,*,#1123,.F.);
#747=ORIENTED_EDGE('',*,*,#1120,.T.);
#748=ORIENTED_EDGE('',*,*,#1124,.F.);
#749=ORIENTED_EDGE('',*,*,#1125,.F.);
#750=ORIENTED_EDGE('',*,*,#1121,.T.);
#751=ORIENTED_EDGE('',*,*,#1126,.F.);
#752=ORIENTED_EDGE('',*,*,#1122,.T.);
#753=ORIENTED_EDGE('',*,*,#870,.F.);
#754=ORIENTED_EDGE('',*,*,#1127,.F.);
#755=ORIENTED_EDGE('',*,*,#843,.F.);
#756=ORIENTED_EDGE('',*,*,#1124,.T.);
#757=ORIENTED_EDGE('',*,*,#840,.F.);
#758=ORIENTED_EDGE('',*,*,#1128,.F.);
#759=ORIENTED_EDGE('',*,*,#1075,.T.);
#760=ORIENTED_EDGE('',*,*,#1123,.T.);
#761=ORIENTED_EDGE('',*,*,#1073,.T.);
#762=ORIENTED_EDGE('',*,*,#1129,.F.);
#763=ORIENTED_EDGE('',*,*,#905,.F.);
#764=ORIENTED_EDGE('',*,*,#1126,.T.);
#765=ORIENTED_EDGE('',*,*,#906,.F.);
#766=ORIENTED_EDGE('',*,*,#1130,.F.);
#767=ORIENTED_EDGE('',*,*,#908,.F.);
#768=ORIENTED_EDGE('',*,*,#1125,.T.);
#769=ORIENTED_EDGE('',*,*,#913,.F.);
#770=ORIENTED_EDGE('',*,*,#1131,.F.);
#771=ORIENTED_EDGE('',*,*,#861,.T.);
#772=ORIENTED_EDGE('',*,*,#1127,.T.);
#773=ORIENTED_EDGE('',*,*,#869,.F.);
#774=ORIENTED_EDGE('',*,*,#1132,.F.);
#775=ORIENTED_EDGE('',*,*,#844,.F.);
#776=ORIENTED_EDGE('',*,*,#1133,.F.);
#777=ORIENTED_EDGE('',*,*,#839,.F.);
#778=ORIENTED_EDGE('',*,*,#1134,.F.);
#779=ORIENTED_EDGE('',*,*,#928,.F.);
#780=ORIENTED_EDGE('',*,*,#1128,.T.);
#781=ORIENTED_EDGE('',*,*,#1133,.T.);
#782=ORIENTED_EDGE('',*,*,#1135,.F.);
#783=ORIENTED_EDGE('',*,*,#1130,.T.);
#784=ORIENTED_EDGE('',*,*,#1129,.T.);
#785=ORIENTED_EDGE('',*,*,#1136,.F.);
#786=ORIENTED_EDGE('',*,*,#1131,.T.);
#787=ORIENTED_EDGE('',*,*,#912,.F.);
#788=ORIENTED_EDGE('',*,*,#1137,.F.);
#789=ORIENTED_EDGE('',*,*,#862,.F.);
#790=ORIENTED_EDGE('',*,*,#1134,.T.);
#791=ORIENTED_EDGE('',*,*,#1132,.T.);
#792=ORIENTED_EDGE('',*,*,#1138,.F.);
#793=ORIENTED_EDGE('',*,*,#1135,.T.);
#794=ORIENTED_EDGE('',*,*,#927,.F.);
#795=ORIENTED_EDGE('',*,*,#1139,.F.);
#796=ORIENTED_EDGE('',*,*,#1077,.F.);
#797=ORIENTED_EDGE('',*,*,#1136,.T.);
#798=ORIENTED_EDGE('',*,*,#1071,.F.);
#799=ORIENTED_EDGE('',*,*,#1140,.F.);
#800=ORIENTED_EDGE('',*,*,#909,.F.);
#801=ORIENTED_EDGE('',*,*,#1137,.T.);
#802=ORIENTED_EDGE('',*,*,#911,.F.);
#803=ORIENTED_EDGE('',*,*,#1141,.F.);
#804=ORIENTED_EDGE('',*,*,#863,.T.);
#805=ORIENTED_EDGE('',*,*,#1138,.T.);
#806=ORIENTED_EDGE('',*,*,#1088,.T.);
#807=ORIENTED_EDGE('',*,*,#1142,.F.);
#808=ORIENTED_EDGE('',*,*,#929,.F.);
#809=ORIENTED_EDGE('',*,*,#1140,.T.);
#810=ORIENTED_EDGE('',*,*,#1139,.T.);
#811=ORIENTED_EDGE('',*,*,#1143,.F.);
#812=ORIENTED_EDGE('',*,*,#1142,.T.);
#813=ORIENTED_EDGE('',*,*,#1141,.T.);
#814=ORIENTED_EDGE('',*,*,#1144,.F.);
#815=ORIENTED_EDGE('',*,*,#1143,.T.);
#816=ORIENTED_EDGE('',*,*,#926,.F.);
#817=ORIENTED_EDGE('',*,*,#1144,.T.);
#818=ORIENTED_EDGE('',*,*,#910,.F.);
#819=ORIENTED_EDGE('',*,*,#1145,.F.);
#820=ORIENTED_EDGE('',*,*,#838,.F.);
#821=ORIENTED_EDGE('',*,*,#1146,.F.);
#822=ORIENTED_EDGE('',*,*,#1092,.F.);
#823=ORIENTED_EDGE('',*,*,#1146,.T.);
#824=ORIENTED_EDGE('',*,*,#837,.F.);
#825=ORIENTED_EDGE('',*,*,#1147,.F.);
#826=ORIENTED_EDGE('',*,*,#1094,.F.);
#827=ORIENTED_EDGE('',*,*,#1145,.T.);
#828=ORIENTED_EDGE('',*,*,#1090,.F.);
#829=ORIENTED_EDGE('',*,*,#1148,.F.);
#830=ORIENTED_EDGE('',*,*,#835,.F.);
#831=ORIENTED_EDGE('',*,*,#1147,.T.);
#832=ORIENTED_EDGE('',*,*,#836,.F.);
#833=ORIENTED_EDGE('',*,*,#1148,.T.);
#834=ORIENTED_EDGE('',*,*,#1096,.F.);
#835=EDGE_CURVE('',#1149,#1150,#1361,.T.);
#836=EDGE_CURVE('',#1150,#1151,#1362,.T.);
#837=EDGE_CURVE('',#1151,#1152,#1363,.T.);
#838=EDGE_CURVE('',#1152,#1149,#1364,.T.);
#839=EDGE_CURVE('',#1153,#1154,#1365,.F.);
#840=EDGE_CURVE('',#1154,#1155,#1366,.T.);
#841=EDGE_CURVE('',#1155,#1156,#1367,.T.);
#842=EDGE_CURVE('',#1156,#1157,#1368,.F.);
#843=EDGE_CURVE('',#1157,#1158,#1369,.F.);
#844=EDGE_CURVE('',#1158,#1153,#1370,.F.);
#845=EDGE_CURVE('',#1159,#1159,#85,.F.);
#846=EDGE_CURVE('',#1160,#1161,#1371,.T.);
#847=EDGE_CURVE('',#1161,#1162,#1372,.T.);
#848=EDGE_CURVE('',#1163,#1162,#1373,.T.);
#849=EDGE_CURVE('',#1160,#1163,#1374,.T.);
#850=EDGE_CURVE('',#1164,#1165,#1375,.T.);
#851=EDGE_CURVE('',#1165,#1166,#1376,.F.);
#852=EDGE_CURVE('',#1166,#1167,#1377,.T.);
#853=EDGE_CURVE('',#1168,#1167,#1378,.T.);
#854=EDGE_CURVE('',#1169,#1168,#1379,.T.);
#855=EDGE_CURVE('',#1169,#1164,#1380,.T.);
#856=EDGE_CURVE('',#1170,#1170,#86,.F.);
#857=EDGE_CURVE('',#1171,#1172,#1381,.T.);
#858=EDGE_CURVE('',#1172,#1173,#1382,.F.);
#859=EDGE_CURVE('',#1173,#1174,#1383,.T.);
#860=EDGE_CURVE('',#1175,#1174,#1384,.T.);
#861=EDGE_CURVE('',#1176,#1175,#1385,.T.);
#862=EDGE_CURVE('',#1176,#1177,#1386,.F.);
#863=EDGE_CURVE('',#1178,#1177,#1387,.T.);
#864=EDGE_CURVE('',#1178,#1171,#1388,.T.);
#865=EDGE_CURVE('',#1179,#1180,#1389,.T.);
#866=EDGE_CURVE('',#1179,#1181,#1390,.F.);
#867=EDGE_CURVE('',#1182,#1181,#1391,.T.);
#868=EDGE_CURVE('',#1183,#1182,#1392,.T.);
#869=EDGE_CURVE('',#1183,#1184,#1393,.T.);
#870=EDGE_CURVE('',#1184,#1185,#1394,.F.);
#871=EDGE_CURVE('',#1185,#1186,#1395,.T.);
#872=EDGE_CURVE('',#1186,#1180,#1396,.T.);
#873=EDGE_CURVE('',#1187,#1187,#87,.F.);
#874=EDGE_CURVE('',#1188,#1188,#88,.F.);
#875=EDGE_CURVE('',#1166,#1179,#1397,.T.);
#876=EDGE_CURVE('',#1180,#1174,#1398,.T.);
#877=EDGE_CURVE('',#1173,#1189,#1399,.T.);
#878=EDGE_CURVE('',#1189,#1190,#1400,.T.);
#879=EDGE_CURVE('',#1191,#1190,#89,.T.);
#880=EDGE_CURVE('',#1191,#1192,#90,.T.);
#881=EDGE_CURVE('',#1193,#1192,#91,.T.);
#882=EDGE_CURVE('',#1194,#1193,#1401,.T.);
#883=EDGE_CURVE('',#1195,#1194,#92,.T.);
#884=EDGE_CURVE('',#1195,#1196,#93,.T.);
#885=EDGE_CURVE('',#1167,#1196,#94,.T.);
#886=EDGE_CURVE('',#1197,#1198,#1402,.T.);
#887=EDGE_CURVE('',#1199,#1197,#1403,.T.);
#888=EDGE_CURVE('',#1199,#1200,#1404,.T.);
#889=EDGE_CURVE('',#1200,#1201,#1405,.T.);
#890=EDGE_CURVE('',#1201,#1202,#1406,.T.);
#891=EDGE_CURVE('',#1202,#1198,#1407,.T.);
#892=EDGE_CURVE('',#1199,#1203,#1408,.T.);
#893=EDGE_CURVE('',#1203,#1204,#1409,.T.);
#894=EDGE_CURVE('',#1200,#1204,#1410,.T.);
#895=EDGE_CURVE('',#1203,#1205,#1411,.T.);
#896=EDGE_CURVE('',#1205,#1206,#1412,.T.);
#897=EDGE_CURVE('',#1204,#1206,#1413,.T.);
#898=EDGE_CURVE('',#1197,#1205,#1414,.T.);
#899=EDGE_CURVE('',#1198,#1207,#1415,.T.);
#900=EDGE_CURVE('',#1208,#1207,#1416,.T.);
#901=EDGE_CURVE('',#1208,#1206,#1417,.T.);
#902=EDGE_CURVE('',#1209,#1209,#95,.T.);
#903=EDGE_CURVE('',#1202,#1207,#96,.T.);
#904=EDGE_CURVE('',#1210,#1211,#1418,.F.);
#905=EDGE_CURVE('',#1211,#1212,#1419,.T.);
#906=EDGE_CURVE('',#1212,#1213,#1420,.T.);
#907=EDGE_CURVE('',#1213,#1210,#1421,.F.);
#908=EDGE_CURVE('',#1214,#1215,#1422,.F.);
#909=EDGE_CURVE('',#1215,#1216,#1423,.F.);
#910=EDGE_CURVE('',#1216,#1217,#1424,.T.);
#911=EDGE_CURVE('',#1217,#1218,#1425,.T.);
#912=EDGE_CURVE('',#1218,#1219,#1426,.F.);
#913=EDGE_CURVE('',#1219,#1214,#1427,.T.);
#914=EDGE_CURVE('',#1220,#1221,#1428,.T.);
#915=EDGE_CURVE('',#1221,#1222,#1429,.T.);
#916=EDGE_CURVE('',#1222,#1223,#1430,.T.);
#917=EDGE_CURVE('',#1223,#1220,#1431,.T.);
#918=EDGE_CURVE('',#1224,#1225,#1432,.T.);
#919=EDGE_CURVE('',#1224,#1226,#97,.T.);
#920=EDGE_CURVE('',#1226,#1227,#1433,.T.);
#921=EDGE_CURVE('',#1227,#1228,#98,.T.);
#922=EDGE_CURVE('',#1228,#1229,#1434,.T.);
#923=EDGE_CURVE('',#1229,#1230,#99,.T.);
#924=EDGE_CURVE('',#1231,#1230,#1435,.T.);
#925=EDGE_CURVE('',#1231,#1225,#100,.T.);
#926=EDGE_CURVE('',#1232,#1233,#1436,.F.);
#927=EDGE_CURVE('',#1233,#1234,#1437,.F.);
#928=EDGE_CURVE('',#1234,#1235,#1438,.T.);
#929=EDGE_CURVE('',#1235,#1232,#1439,.T.);
#930=EDGE_CURVE('',#1201,#1208,#101,.T.);
#931=EDGE_CURVE('',#1236,#1237,#1440,.T.);
#932=EDGE_CURVE('',#1238,#1237,#102,.T.);
#933=EDGE_CURVE('',#1239,#1238,#1441,.T.);
#934=EDGE_CURVE('',#1239,#1164,#103,.T.);
#935=EDGE_CURVE('',#1236,#1169,#104,.T.);
#936=EDGE_CURVE('',#1196,#1240,#1442,.T.);
#937=EDGE_CURVE('',#1241,#1240,#105,.T.);
#938=EDGE_CURVE('',#1242,#1241,#1443,.T.);
#939=EDGE_CURVE('',#1168,#1242,#106,.T.);
#940=EDGE_CURVE('',#1243,#1244,#107,.T.);
#941=EDGE_CURVE('',#1245,#1243,#1444,.T.);
#942=EDGE_CURVE('',#1245,#1242,#108,.T.);
#943=EDGE_CURVE('',#1195,#1244,#1445,.T.);
#944=EDGE_CURVE('',#1246,#1194,#1446,.T.);
#945=EDGE_CURVE('',#1245,#1246,#109,.T.);
#946=EDGE_CURVE('',#1247,#1193,#1447,.T.);
#947=EDGE_CURVE('',#1246,#1247,#1448,.T.);
#948=EDGE_CURVE('',#1192,#1248,#1449,.T.);
#949=EDGE_CURVE('',#1249,#1248,#110,.T.);
#950=EDGE_CURVE('',#1250,#1249,#1450,.T.);
#951=EDGE_CURVE('',#1247,#1250,#111,.T.);
#952=EDGE_CURVE('',#1251,#1252,#112,.T.);
#953=EDGE_CURVE('',#1253,#1251,#1451,.T.);
#954=EDGE_CURVE('',#1253,#1250,#113,.T.);
#955=EDGE_CURVE('',#1191,#1252,#1452,.T.);
#956=EDGE_CURVE('',#1254,#1190,#1453,.T.);
#957=EDGE_CURVE('',#1253,#1254,#114,.T.);
#958=EDGE_CURVE('',#1255,#1256,#1454,.T.);
#959=EDGE_CURVE('',#1255,#1257,#115,.F.);
#960=EDGE_CURVE('',#1257,#1258,#1455,.T.);
#961=EDGE_CURVE('',#1258,#1259,#116,.F.);
#962=EDGE_CURVE('',#1259,#1260,#1456,.T.);
#963=EDGE_CURVE('',#1260,#1261,#117,.F.);
#964=EDGE_CURVE('',#1262,#1261,#1457,.T.);
#965=EDGE_CURVE('',#1262,#1256,#118,.F.);
#966=EDGE_CURVE('',#1263,#1264,#1458,.T.);
#967=EDGE_CURVE('',#1263,#1265,#1459,.T.);
#968=EDGE_CURVE('',#1265,#1266,#1460,.T.);
#969=EDGE_CURVE('',#1264,#1266,#1461,.T.);
#970=EDGE_CURVE('',#1189,#1267,#1462,.F.);
#971=EDGE_CURVE('',#1268,#1267,#1463,.T.);
#972=EDGE_CURVE('',#1269,#1268,#1464,.T.);
#973=EDGE_CURVE('',#1269,#1254,#1465,.T.);
#974=EDGE_CURVE('',#1268,#1270,#119,.T.);
#975=EDGE_CURVE('',#1270,#1271,#1466,.T.);
#976=EDGE_CURVE('',#1272,#1271,#120,.T.);
#977=EDGE_CURVE('',#1273,#1272,#1467,.T.);
#978=EDGE_CURVE('',#1269,#1273,#121,.T.);
#979=EDGE_CURVE('',#1274,#1275,#122,.T.);
#980=EDGE_CURVE('',#1276,#1275,#1468,.T.);
#981=EDGE_CURVE('',#1276,#1273,#123,.T.);
#982=EDGE_CURVE('',#1277,#1270,#124,.T.);
#983=EDGE_CURVE('',#1277,#1274,#1469,.T.);
#984=EDGE_CURVE('',#1277,#1278,#125,.T.);
#985=EDGE_CURVE('',#1279,#1278,#1470,.T.);
#986=EDGE_CURVE('',#1276,#1279,#126,.T.);
#987=EDGE_CURVE('',#1280,#1278,#1471,.T.);
#988=EDGE_CURVE('',#1281,#1280,#1472,.T.);
#989=EDGE_CURVE('',#1281,#1279,#1473,.T.);
#990=EDGE_CURVE('',#1280,#1282,#127,.T.);
#991=EDGE_CURVE('',#1282,#1283,#1474,.T.);
#992=EDGE_CURVE('',#1284,#1283,#128,.T.);
#993=EDGE_CURVE('',#1285,#1284,#1475,.T.);
#994=EDGE_CURVE('',#1281,#1285,#129,.T.);
#995=EDGE_CURVE('',#1286,#1286,#130,.T.);
#996=EDGE_CURVE('',#1287,#1287,#131,.T.);
#997=EDGE_CURVE('',#1236,#1285,#132,.T.);
#998=EDGE_CURVE('',#1239,#1282,#133,.T.);
#999=EDGE_CURVE('',#1288,#1288,#134,.T.);
#1000=EDGE_CURVE('',#1289,#1289,#135,.T.);
#1001=EDGE_CURVE('',#1290,#1290,#136,.T.);
#1002=EDGE_CURVE('',#1291,#1291,#137,.T.);
#1003=EDGE_CURVE('',#1292,#1292,#138,.T.);
#1004=EDGE_CURVE('',#1293,#1293,#139,.T.);
#1005=EDGE_CURVE('',#1294,#1294,#140,.T.);
#1006=EDGE_CURVE('',#1295,#1295,#141,.T.);
#1007=EDGE_CURVE('',#1296,#1296,#142,.T.);
#1008=EDGE_CURVE('',#1297,#1297,#143,.T.);
#1009=EDGE_CURVE('',#1298,#1298,#144,.T.);
#1010=EDGE_CURVE('',#1299,#1300,#1476,.T.);
#1011=EDGE_CURVE('',#1300,#1301,#1477,.T.);
#1012=EDGE_CURVE('',#1302,#1301,#1478,.T.);
#1013=EDGE_CURVE('',#1299,#1302,#1479,.T.);
#1014=EDGE_CURVE('',#1303,#1304,#145,.T.);
#1015=EDGE_CURVE('',#1304,#1305,#1480,.T.);
#1016=EDGE_CURVE('',#1305,#1306,#146,.T.);
#1017=EDGE_CURVE('',#1307,#1306,#147,.T.);
#1018=EDGE_CURVE('',#1307,#1308,#148,.T.);
#1019=EDGE_CURVE('',#1308,#1309,#1481,.T.);
#1020=EDGE_CURVE('',#1309,#1310,#149,.T.);
#1021=EDGE_CURVE('',#1311,#1310,#150,.T.);
#1022=EDGE_CURVE('',#1311,#1312,#151,.T.);
#1023=EDGE_CURVE('',#1313,#1312,#1482,.T.);
#1024=EDGE_CURVE('',#1313,#1314,#152,.T.);
#1025=EDGE_CURVE('',#1315,#1314,#153,.T.);
#1026=EDGE_CURVE('',#1315,#1316,#154,.T.);
#1027=EDGE_CURVE('',#1317,#1316,#1483,.T.);
#1028=EDGE_CURVE('',#1317,#1318,#155,.T.);
#1029=EDGE_CURVE('',#1303,#1318,#156,.T.);
#1030=EDGE_CURVE('',#1319,#1319,#157,.T.);
#1031=EDGE_CURVE('',#1320,#1320,#158,.T.);
#1032=EDGE_CURVE('',#1321,#1321,#159,.T.);
#1033=EDGE_CURVE('',#1322,#1322,#160,.T.);
#1034=EDGE_CURVE('',#1323,#1323,#161,.F.);
#1035=EDGE_CURVE('',#1324,#1324,#162,.F.);
#1036=EDGE_CURVE('',#1325,#1325,#163,.F.);
#1037=EDGE_CURVE('',#1326,#1326,#164,.F.);
#1038=EDGE_CURVE('',#1327,#1303,#1484,.T.);
#1039=EDGE_CURVE('',#1327,#1328,#165,.T.);
#1040=EDGE_CURVE('',#1328,#1304,#1485,.T.);
#1041=EDGE_CURVE('',#1328,#1329,#1486,.T.);
#1042=EDGE_CURVE('',#1329,#1305,#1487,.T.);
#1043=EDGE_CURVE('',#1329,#1330,#166,.T.);
#1044=EDGE_CURVE('',#1330,#1306,#1488,.T.);
#1045=EDGE_CURVE('',#1331,#1330,#167,.T.);
#1046=EDGE_CURVE('',#1331,#1307,#1489,.T.);
#1047=EDGE_CURVE('',#1331,#1332,#168,.T.);
#1048=EDGE_CURVE('',#1332,#1308,#1490,.T.);
#1049=EDGE_CURVE('',#1332,#1333,#1491,.T.);
#1050=EDGE_CURVE('',#1333,#1309,#1492,.T.);
#1051=EDGE_CURVE('',#1333,#1334,#169,.T.);
#1052=EDGE_CURVE('',#1334,#1310,#1493,.T.);
#1053=EDGE_CURVE('',#1335,#1334,#170,.T.);
#1054=EDGE_CURVE('',#1335,#1311,#1494,.T.);
#1055=EDGE_CURVE('',#1335,#1336,#171,.T.);
#1056=EDGE_CURVE('',#1336,#1312,#1495,.T.);
#1057=EDGE_CURVE('',#1337,#1336,#1496,.T.);
#1058=EDGE_CURVE('',#1337,#1313,#1497,.T.);
#1059=EDGE_CURVE('',#1337,#1338,#172,.T.);
#1060=EDGE_CURVE('',#1338,#1314,#1498,.T.);
#1061=EDGE_CURVE('',#1339,#1338,#173,.T.);
#1062=EDGE_CURVE('',#1339,#1315,#1499,.T.);
#1063=EDGE_CURVE('',#1339,#1340,#174,.T.);
#1064=EDGE_CURVE('',#1340,#1316,#1500,.T.);
#1065=EDGE_CURVE('',#1341,#1340,#1501,.T.);
#1066=EDGE_CURVE('',#1341,#1317,#1502,.T.);
#1067=EDGE_CURVE('',#1341,#1342,#175,.T.);
#1068=EDGE_CURVE('',#1342,#1318,#1503,.T.);
#1069=EDGE_CURVE('',#1327,#1342,#176,.T.);
#1070=EDGE_CURVE('',#1343,#1300,#1504,.T.);
#1071=EDGE_CURVE('',#1343,#1344,#1505,.T.);
#1072=EDGE_CURVE('',#1344,#1301,#1506,.T.);
#1073=EDGE_CURVE('',#1345,#1344,#1507,.T.);
#1074=EDGE_CURVE('',#1345,#1302,#1508,.T.);
#1075=EDGE_CURVE('',#1346,#1345,#1509,.T.);
#1076=EDGE_CURVE('',#1346,#1299,#1510,.T.);
#1077=EDGE_CURVE('',#1346,#1343,#1511,.T.);
#1078=EDGE_CURVE('',#1347,#1347,#177,.F.);
#1079=EDGE_CURVE('',#1348,#1348,#178,.F.);
#1080=EDGE_CURVE('',#1186,#1175,#1512,.T.);
#1081=EDGE_CURVE('',#1181,#1165,#1513,.T.);
#1082=EDGE_CURVE('',#1267,#1172,#1514,.T.);
#1083=EDGE_CURVE('',#1182,#1171,#1515,.T.);
#1084=EDGE_CURVE('',#1349,#1349,#179,.T.);
#1085=EDGE_CURVE('',#1350,#1350,#180,.T.);
#1086=EDGE_CURVE('',#1351,#1351,#181,.T.);
#1087=EDGE_CURVE('',#1352,#1352,#182,.T.);
#1088=EDGE_CURVE('',#1183,#1178,#1516,.T.);
#1089=EDGE_CURVE('',#1353,#1161,#1517,.T.);
#1090=EDGE_CURVE('',#1353,#1354,#1518,.T.);
#1091=EDGE_CURVE('',#1354,#1162,#1519,.T.);
#1092=EDGE_CURVE('',#1354,#1355,#1520,.T.);
#1093=EDGE_CURVE('',#1355,#1163,#1521,.T.);
#1094=EDGE_CURVE('',#1355,#1356,#1522,.T.);
#1095=EDGE_CURVE('',#1356,#1160,#1523,.T.);
#1096=EDGE_CURVE('',#1356,#1353,#1524,.T.);
#1097=EDGE_CURVE('',#1357,#1264,#1525,.T.);
#1098=EDGE_CURVE('',#1357,#1358,#1526,.T.);
#1099=EDGE_CURVE('',#1358,#1263,#1527,.T.);
#1100=EDGE_CURVE('',#1358,#1359,#1528,.T.);
#1101=EDGE_CURVE('',#1359,#1265,#1529,.T.);
#1102=EDGE_CURVE('',#1359,#1360,#1530,.T.);
#1103=EDGE_CURVE('',#1360,#1266,#1531,.T.);
#1104=EDGE_CURVE('',#1360,#1357,#1532,.T.);
#1105=EDGE_CURVE('',#1256,#1227,#1533,.F.);
#1106=EDGE_CURVE('',#1226,#1255,#1534,.T.);
#1107=EDGE_CURVE('',#1225,#1258,#1535,.T.);
#1108=EDGE_CURVE('',#1257,#1224,#1536,.F.);
#1109=EDGE_CURVE('',#1259,#1231,#1537,.F.);
#1110=EDGE_CURVE('',#1230,#1260,#1538,.T.);
#1111=EDGE_CURVE('',#1261,#1229,#1539,.F.);
#1112=EDGE_CURVE('',#1228,#1262,#1540,.T.);
#1113=EDGE_CURVE('',#1359,#1223,#1541,.T.);
#1114=EDGE_CURVE('',#1220,#1358,#1542,.T.);
#1115=EDGE_CURVE('',#1221,#1357,#1543,.F.);
#1116=EDGE_CURVE('',#1360,#1222,#1544,.T.);
#1117=EDGE_CURVE('',#1156,#1186,#183,.F.);
#1118=EDGE_CURVE('',#1210,#1156,#184,.F.);
#1119=EDGE_CURVE('',#1186,#1210,#185,.F.);
#1120=EDGE_CURVE('',#1211,#1155,#186,.T.);
#1121=EDGE_CURVE('',#1175,#1213,#187,.T.);
#1122=EDGE_CURVE('',#1157,#1185,#12,.F.);
#1123=EDGE_CURVE('',#1211,#1345,#188,.F.);
#1124=EDGE_CURVE('',#1345,#1155,#189,.F.);
#1125=EDGE_CURVE('',#1175,#1214,#190,.F.);
#1126=EDGE_CURVE('',#1214,#1213,#191,.F.);
#1127=EDGE_CURVE('',#1158,#1184,#13,.F.);
#1128=EDGE_CURVE('',#1346,#1154,#192,.T.);
#1129=EDGE_CURVE('',#1212,#1344,#193,.T.);
#1130=EDGE_CURVE('',#1215,#1212,#194,.T.);
#1131=EDGE_CURVE('',#1176,#1219,#14,.T.);
#1132=EDGE_CURVE('',#1153,#1183,#195,.T.);
#1133=EDGE_CURVE('',#1154,#1234,#196,.T.);
#1134=EDGE_CURVE('',#1235,#1153,#197,.T.);
#1135=EDGE_CURVE('',#1346,#1234,#198,.F.);
#1136=EDGE_CURVE('',#1215,#1344,#199,.F.);
#1137=EDGE_CURVE('',#1177,#1218,#15,.T.);
#1138=EDGE_CURVE('',#1235,#1183,#200,.F.);
#1139=EDGE_CURVE('',#1343,#1233,#201,.T.);
#1140=EDGE_CURVE('',#1216,#1343,#202,.T.);
#1141=EDGE_CURVE('',#1178,#1217,#203,.T.);
#1142=EDGE_CURVE('',#1232,#1178,#204,.T.);
#1143=EDGE_CURVE('',#1216,#1233,#205,.F.);
#1144=EDGE_CURVE('',#1232,#1217,#206,.F.);
#1145=EDGE_CURVE('',#1149,#1354,#1545,.F.);
#1146=EDGE_CURVE('',#1355,#1152,#1546,.F.);
#1147=EDGE_CURVE('',#1356,#1151,#1547,.T.);
#1148=EDGE_CURVE('',#1150,#1353,#1548,.F.);
#1149=VERTEX_POINT('',#3288);
#1150=VERTEX_POINT('',#3289);
#1151=VERTEX_POINT('',#3291);
#1152=VERTEX_POINT('',#3293);
#1153=VERTEX_POINT('',#3296);
#1154=VERTEX_POINT('',#3297);
#1155=VERTEX_POINT('',#3299);
#1156=VERTEX_POINT('',#3301);
#1157=VERTEX_POINT('',#3303);
#1158=VERTEX_POINT('',#3305);
#1159=VERTEX_POINT('',#3308);
#1160=VERTEX_POINT('',#3311);
#1161=VERTEX_POINT('',#3312);
#1162=VERTEX_POINT('',#3314);
#1163=VERTEX_POINT('',#3316);
#1164=VERTEX_POINT('',#3319);
#1165=VERTEX_POINT('',#3320);
#1166=VERTEX_POINT('',#3322);
#1167=VERTEX_POINT('',#3324);
#1168=VERTEX_POINT('',#3326);
#1169=VERTEX_POINT('',#3328);
#1170=VERTEX_POINT('',#3331);
#1171=VERTEX_POINT('',#3334);
#1172=VERTEX_POINT('',#3335);
#1173=VERTEX_POINT('',#3337);
#1174=VERTEX_POINT('',#3339);
#1175=VERTEX_POINT('',#3341);
#1176=VERTEX_POINT('',#3343);
#1177=VERTEX_POINT('',#3345);
#1178=VERTEX_POINT('',#3347);
#1179=VERTEX_POINT('',#3351);
#1180=VERTEX_POINT('',#3352);
#1181=VERTEX_POINT('',#3354);
#1182=VERTEX_POINT('',#3356);
#1183=VERTEX_POINT('',#3358);
#1184=VERTEX_POINT('',#3360);
#1185=VERTEX_POINT('',#3362);
#1186=VERTEX_POINT('',#3364);
#1187=VERTEX_POINT('',#3368);
#1188=VERTEX_POINT('',#3370);
#1189=VERTEX_POINT('',#3374);
#1190=VERTEX_POINT('',#3376);
#1191=VERTEX_POINT('',#3378);
#1192=VERTEX_POINT('',#3380);
#1193=VERTEX_POINT('',#3382);
#1194=VERTEX_POINT('',#3384);
#1195=VERTEX_POINT('',#3386);
#1196=VERTEX_POINT('',#3388);
#1197=VERTEX_POINT('',#3392);
#1198=VERTEX_POINT('',#3393);
#1199=VERTEX_POINT('',#3395);
#1200=VERTEX_POINT('',#3397);
#1201=VERTEX_POINT('',#3399);
#1202=VERTEX_POINT('',#3401);
#1203=VERTEX_POINT('',#3405);
#1204=VERTEX_POINT('',#3407);
#1205=VERTEX_POINT('',#3411);
#1206=VERTEX_POINT('',#3413);
#1207=VERTEX_POINT('',#3418);
#1208=VERTEX_POINT('',#3420);
#1209=VERTEX_POINT('',#3424);
#1210=VERTEX_POINT('',#3428);
#1211=VERTEX_POINT('',#3429);
#1212=VERTEX_POINT('',#3431);
#1213=VERTEX_POINT('',#3433);
#1214=VERTEX_POINT('',#3437);
#1215=VERTEX_POINT('',#3438);
#1216=VERTEX_POINT('',#3440);
#1217=VERTEX_POINT('',#3442);
#1218=VERTEX_POINT('',#3444);
#1219=VERTEX_POINT('',#3446);
#1220=VERTEX_POINT('',#3449);
#1221=VERTEX_POINT('',#3450);
#1222=VERTEX_POINT('',#3452);
#1223=VERTEX_POINT('',#3454);
#1224=VERTEX_POINT('',#3457);
#1225=VERTEX_POINT('',#3458);
#1226=VERTEX_POINT('',#3460);
#1227=VERTEX_POINT('',#3462);
#1228=VERTEX_POINT('',#3464);
#1229=VERTEX_POINT('',#3466);
#1230=VERTEX_POINT('',#3468);
#1231=VERTEX_POINT('',#3470);
#1232=VERTEX_POINT('',#3474);
#1233=VERTEX_POINT('',#3475);
#1234=VERTEX_POINT('',#3477);
#1235=VERTEX_POINT('',#3479);
#1236=VERTEX_POINT('',#3485);
#1237=VERTEX_POINT('',#3486);
#1238=VERTEX_POINT('',#3488);
#1239=VERTEX_POINT('',#3490);
#1240=VERTEX_POINT('',#3495);
#1241=VERTEX_POINT('',#3497);
#1242=VERTEX_POINT('',#3499);
#1243=VERTEX_POINT('',#3503);
#1244=VERTEX_POINT('',#3504);
#1245=VERTEX_POINT('',#3506);
#1246=VERTEX_POINT('',#3511);
#1247=VERTEX_POINT('',#3515);
#1248=VERTEX_POINT('',#3519);
#1249=VERTEX_POINT('',#3521);
#1250=VERTEX_POINT('',#3523);
#1251=VERTEX_POINT('',#3527);
#1252=VERTEX_POINT('',#3528);
#1253=VERTEX_POINT('',#3530);
#1254=VERTEX_POINT('',#3535);
#1255=VERTEX_POINT('',#3539);
#1256=VERTEX_POINT('',#3540);
#1257=VERTEX_POINT('',#3542);
#1258=VERTEX_POINT('',#3544);
#1259=VERTEX_POINT('',#3546);
#1260=VERTEX_POINT('',#3548);
#1261=VERTEX_POINT('',#3550);
#1262=VERTEX_POINT('',#3552);
#1263=VERTEX_POINT('',#3555);
#1264=VERTEX_POINT('',#3556);
#1265=VERTEX_POINT('',#3558);
#1266=VERTEX_POINT('',#3560);
#1267=VERTEX_POINT('',#3563);
#1268=VERTEX_POINT('',#3565);
#1269=VERTEX_POINT('',#3567);
#1270=VERTEX_POINT('',#3571);
#1271=VERTEX_POINT('',#3573);
#1272=VERTEX_POINT('',#3575);
#1273=VERTEX_POINT('',#3577);
#1274=VERTEX_POINT('',#3581);
#1275=VERTEX_POINT('',#3582);
#1276=VERTEX_POINT('',#3584);
#1277=VERTEX_POINT('',#3587);
#1278=VERTEX_POINT('',#3591);
#1279=VERTEX_POINT('',#3593);
#1280=VERTEX_POINT('',#3597);
#1281=VERTEX_POINT('',#3599);
#1282=VERTEX_POINT('',#3603);
#1283=VERTEX_POINT('',#3605);
#1284=VERTEX_POINT('',#3607);
#1285=VERTEX_POINT('',#3609);
#1286=VERTEX_POINT('',#3613);
#1287=VERTEX_POINT('',#3615);
#1288=VERTEX_POINT('',#3621);
#1289=VERTEX_POINT('',#3623);
#1290=VERTEX_POINT('',#3626);
#1291=VERTEX_POINT('',#3628);
#1292=VERTEX_POINT('',#3632);
#1293=VERTEX_POINT('',#3635);
#1294=VERTEX_POINT('',#3638);
#1295=VERTEX_POINT('',#3641);
#1296=VERTEX_POINT('',#3645);
#1297=VERTEX_POINT('',#3649);
#1298=VERTEX_POINT('',#3653);
#1299=VERTEX_POINT('',#3657);
#1300=VERTEX_POINT('',#3658);
#1301=VERTEX_POINT('',#3660);
#1302=VERTEX_POINT('',#3662);
#1303=VERTEX_POINT('',#3665);
#1304=VERTEX_POINT('',#3666);
#1305=VERTEX_POINT('',#3668);
#1306=VERTEX_POINT('',#3670);
#1307=VERTEX_POINT('',#3672);
#1308=VERTEX_POINT('',#3674);
#1309=VERTEX_POINT('',#3676);
#1310=VERTEX_POINT('',#3678);
#1311=VERTEX_POINT('',#3680);
#1312=VERTEX_POINT('',#3682);
#1313=VERTEX_POINT('',#3684);
#1314=VERTEX_POINT('',#3686);
#1315=VERTEX_POINT('',#3688);
#1316=VERTEX_POINT('',#3690);
#1317=VERTEX_POINT('',#3692);
#1318=VERTEX_POINT('',#3694);
#1319=VERTEX_POINT('',#3697);
#1320=VERTEX_POINT('',#3699);
#1321=VERTEX_POINT('',#3701);
#1322=VERTEX_POINT('',#3703);
#1323=VERTEX_POINT('',#3706);
#1324=VERTEX_POINT('',#3710);
#1325=VERTEX_POINT('',#3714);
#1326=VERTEX_POINT('',#3718);
#1327=VERTEX_POINT('',#3722);
#1328=VERTEX_POINT('',#3724);
#1329=VERTEX_POINT('',#3728);
#1330=VERTEX_POINT('',#3732);
#1331=VERTEX_POINT('',#3736);
#1332=VERTEX_POINT('',#3740);
#1333=VERTEX_POINT('',#3744);
#1334=VERTEX_POINT('',#3748);
#1335=VERTEX_POINT('',#3752);
#1336=VERTEX_POINT('',#3756);
#1337=VERTEX_POINT('',#3760);
#1338=VERTEX_POINT('',#3764);
#1339=VERTEX_POINT('',#3768);
#1340=VERTEX_POINT('',#3772);
#1341=VERTEX_POINT('',#3776);
#1342=VERTEX_POINT('',#3780);
#1343=VERTEX_POINT('',#3787);
#1344=VERTEX_POINT('',#3789);
#1345=VERTEX_POINT('',#3793);
#1346=VERTEX_POINT('',#3797);
#1347=VERTEX_POINT('',#3803);
#1348=VERTEX_POINT('',#3807);
#1349=VERTEX_POINT('',#3816);
#1350=VERTEX_POINT('',#3818);
#1351=VERTEX_POINT('',#3821);
#1352=VERTEX_POINT('',#3825);
#1353=VERTEX_POINT('',#3833);
#1354=VERTEX_POINT('',#3835);
#1355=VERTEX_POINT('',#3839);
#1356=VERTEX_POINT('',#3843);
#1357=VERTEX_POINT('',#3850);
#1358=VERTEX_POINT('',#3852);
#1359=VERTEX_POINT('',#3856);
#1360=VERTEX_POINT('',#3860);
#1361=LINE('',#3287,#1549);
#1362=LINE('',#3290,#1550);
#1363=LINE('',#3292,#1551);
#1364=LINE('',#3294,#1552);
#1365=LINE('',#3295,#1553);
#1366=LINE('',#3298,#1554);
#1367=LINE('',#3300,#1555);
#1368=LINE('',#3302,#1556);
#1369=LINE('',#3304,#1557);
#1370=LINE('',#3306,#1558);
#1371=LINE('',#3310,#1559);
#1372=LINE('',#3313,#1560);
#1373=LINE('',#3315,#1561);
#1374=LINE('',#3317,#1562);
#1375=LINE('',#3318,#1563);
#1376=LINE('',#3321,#1564);
#1377=LINE('',#3323,#1565);
#1378=LINE('',#3325,#1566);
#1379=LINE('',#3327,#1567);
#1380=LINE('',#3329,#1568);
#1381=LINE('',#3333,#1569);
#1382=LINE('',#3336,#1570);
#1383=LINE('',#3338,#1571);
#1384=LINE('',#3340,#1572);
#1385=LINE('',#3342,#1573);
#1386=LINE('',#3344,#1574);
#1387=LINE('',#3346,#1575);
#1388=LINE('',#3348,#1576);
#1389=LINE('',#3350,#1577);
#1390=LINE('',#3353,#1578);
#1391=LINE('',#3355,#1579);
#1392=LINE('',#3357,#1580);
#1393=LINE('',#3359,#1581);
#1394=LINE('',#3361,#1582);
#1395=LINE('',#3363,#1583);
#1396=LINE('',#3365,#1584);
#1397=LINE('',#3371,#1585);
#1398=LINE('',#3372,#1586);
#1399=LINE('',#3373,#1587);
#1400=LINE('',#3375,#1588);
#1401=LINE('',#3383,#1589);
#1402=LINE('',#3391,#1590);
#1403=LINE('',#3394,#1591);
#1404=LINE('',#3396,#1592);
#1405=LINE('',#3398,#1593);
#1406=LINE('',#3400,#1594);
#1407=LINE('',#3402,#1595);
#1408=LINE('',#3404,#1596);
#1409=LINE('',#3406,#1597);
#1410=LINE('',#3408,#1598);
#1411=LINE('',#3410,#1599);
#1412=LINE('',#3412,#1600);
#1413=LINE('',#3414,#1601);
#1414=LINE('',#3416,#1602);
#1415=LINE('',#3417,#1603);
#1416=LINE('',#3419,#1604);
#1417=LINE('',#3421,#1605);
#1418=LINE('',#3427,#1606);
#1419=LINE('',#3430,#1607);
#1420=LINE('',#3432,#1608);
#1421=LINE('',#3434,#1609);
#1422=LINE('',#3436,#1610);
#1423=LINE('',#3439,#1611);
#1424=LINE('',#3441,#1612);
#1425=LINE('',#3443,#1613);
#1426=LINE('',#3445,#1614);
#1427=LINE('',#3447,#1615);
#1428=LINE('',#3448,#1616);
#1429=LINE('',#3451,#1617);
#1430=LINE('',#3453,#1618);
#1431=LINE('',#3455,#1619);
#1432=LINE('',#3456,#1620);
#1433=LINE('',#3461,#1621);
#1434=LINE('',#3465,#1622);
#1435=LINE('',#3469,#1623);
#1436=LINE('',#3473,#1624);
#1437=LINE('',#3476,#1625);
#1438=LINE('',#3478,#1626);
#1439=LINE('',#3480,#1627);
#1440=LINE('',#3484,#1628);
#1441=LINE('',#3489,#1629);
#1442=LINE('',#3494,#1630);
#1443=LINE('',#3498,#1631);
#1444=LINE('',#3505,#1632);
#1445=LINE('',#3508,#1633);
#1446=LINE('',#3510,#1634);
#1447=LINE('',#3514,#1635);
#1448=LINE('',#3516,#1636);
#1449=LINE('',#3518,#1637);
#1450=LINE('',#3522,#1638);
#1451=LINE('',#3529,#1639);
#1452=LINE('',#3532,#1640);
#1453=LINE('',#3534,#1641);
#1454=LINE('',#3538,#1642);
#1455=LINE('',#3543,#1643);
#1456=LINE('',#3547,#1644);
#1457=LINE('',#3551,#1645);
#1458=LINE('',#3554,#1646);
#1459=LINE('',#3557,#1647);
#1460=LINE('',#3559,#1648);
#1461=LINE('',#3561,#1649);
#1462=LINE('',#3562,#1650);
#1463=LINE('',#3564,#1651);
#1464=LINE('',#3566,#1652);
#1465=LINE('',#3568,#1653);
#1466=LINE('',#3572,#1654);
#1467=LINE('',#3576,#1655);
#1468=LINE('',#3583,#1656);
#1469=LINE('',#3588,#1657);
#1470=LINE('',#3592,#1658);
#1471=LINE('',#3596,#1659);
#1472=LINE('',#3598,#1660);
#1473=LINE('',#3600,#1661);
#1474=LINE('',#3604,#1662);
#1475=LINE('',#3608,#1663);
#1476=LINE('',#3656,#1664);
#1477=LINE('',#3659,#1665);
#1478=LINE('',#3661,#1666);
#1479=LINE('',#3663,#1667);
#1480=LINE('',#3667,#1668);
#1481=LINE('',#3675,#1669);
#1482=LINE('',#3683,#1670);
#1483=LINE('',#3691,#1671);
#1484=LINE('',#3721,#1672);
#1485=LINE('',#3725,#1673);
#1486=LINE('',#3727,#1674);
#1487=LINE('',#3729,#1675);
#1488=LINE('',#3733,#1676);
#1489=LINE('',#3737,#1677);
#1490=LINE('',#3741,#1678);
#1491=LINE('',#3743,#1679);
#1492=LINE('',#3745,#1680);
#1493=LINE('',#3749,#1681);
#1494=LINE('',#3753,#1682);
#1495=LINE('',#3757,#1683);
#1496=LINE('',#3759,#1684);
#1497=LINE('',#3761,#1685);
#1498=LINE('',#3765,#1686);
#1499=LINE('',#3769,#1687);
#1500=LINE('',#3773,#1688);
#1501=LINE('',#3775,#1689);
#1502=LINE('',#3777,#1690);
#1503=LINE('',#3781,#1691);
#1504=LINE('',#3786,#1692);
#1505=LINE('',#3788,#1693);
#1506=LINE('',#3790,#1694);
#1507=LINE('',#3792,#1695);
#1508=LINE('',#3794,#1696);
#1509=LINE('',#3796,#1697);
#1510=LINE('',#3798,#1698);
#1511=LINE('',#3800,#1699);
#1512=LINE('',#3810,#1700);
#1513=LINE('',#3812,#1701);
#1514=LINE('',#3813,#1702);
#1515=LINE('',#3814,#1703);
#1516=LINE('',#3828,#1704);
#1517=LINE('',#3832,#1705);
#1518=LINE('',#3834,#1706);
#1519=LINE('',#3836,#1707);
#1520=LINE('',#3838,#1708);
#1521=LINE('',#3840,#1709);
#1522=LINE('',#3842,#1710);
#1523=LINE('',#3844,#1711);
#1524=LINE('',#3846,#1712);
#1525=LINE('',#3849,#1713);
#1526=LINE('',#3851,#1714);
#1527=LINE('',#3853,#1715);
#1528=LINE('',#3855,#1716);
#1529=LINE('',#3857,#1717);
#1530=LINE('',#3859,#1718);
#1531=LINE('',#3861,#1719);
#1532=LINE('',#3863,#1720);
#1533=LINE('',#3865,#1721);
#1534=LINE('',#3866,#1722);
#1535=LINE('',#3868,#1723);
#1536=LINE('',#3869,#1724);
#1537=LINE('',#3871,#1725);
#1538=LINE('',#3872,#1726);
#1539=LINE('',#3874,#1727);
#1540=LINE('',#3875,#1728);
#1541=LINE('',#3881,#1729);
#1542=LINE('',#3882,#1730);
#1543=LINE('',#3884,#1731);
#1544=LINE('',#3886,#1732);
#1545=LINE('',#3941,#1733);
#1546=LINE('',#3942,#1734);
#1547=LINE('',#3944,#1735);
#1548=LINE('',#3946,#1736);
#1549=VECTOR('',#2575,1.);
#1550=VECTOR('',#2576,1.);
#1551=VECTOR('',#2577,1.);
#1552=VECTOR('',#2578,1.);
#1553=VECTOR('',#2579,1.);
#1554=VECTOR('',#2580,1.);
#1555=VECTOR('',#2581,1.);
#1556=VECTOR('',#2582,1.);
#1557=VECTOR('',#2583,1.);
#1558=VECTOR('',#2584,1.);
#1559=VECTOR('',#2589,1.);
#1560=VECTOR('',#2590,1.);
#1561=VECTOR('',#2591,1.);
#1562=VECTOR('',#2592,1.);
#1563=VECTOR('',#2593,1.);
#1564=VECTOR('',#2594,1.);
#1565=VECTOR('',#2595,1.);
#1566=VECTOR('',#2596,1.);
#1567=VECTOR('',#2597,1.);
#1568=VECTOR('',#2598,1.);
#1569=VECTOR('',#2603,1.);
#1570=VECTOR('',#2604,1.);
#1571=VECTOR('',#2605,1.);
#1572=VECTOR('',#2606,1.);
#1573=VECTOR('',#2607,1.);
#1574=VECTOR('',#2608,1.);
#1575=VECTOR('',#2609,1.);
#1576=VECTOR('',#2610,1.);
#1577=VECTOR('',#2613,1.);
#1578=VECTOR('',#2614,1.);
#1579=VECTOR('',#2615,1.);
#1580=VECTOR('',#2616,1.);
#1581=VECTOR('',#2617,1.);
#1582=VECTOR('',#2618,1.);
#1583=VECTOR('',#2619,1.);
#1584=VECTOR('',#2620,1.);
#1585=VECTOR('',#2627,1.);
#1586=VECTOR('',#2628,1.);
#1587=VECTOR('',#2629,1.);
#1588=VECTOR('',#2630,1.);
#1589=VECTOR('',#2637,1.);
#1590=VECTOR('',#2646,1.);
#1591=VECTOR('',#2647,1.);
#1592=VECTOR('',#2648,1.);
#1593=VECTOR('',#2649,1.);
#1594=VECTOR('',#2650,1.);
#1595=VECTOR('',#2651,1.);
#1596=VECTOR('',#2654,1.);
#1597=VECTOR('',#2655,1.);
#1598=VECTOR('',#2656,1.);
#1599=VECTOR('',#2659,1.);
#1600=VECTOR('',#2660,1.);
#1601=VECTOR('',#2661,1.);
#1602=VECTOR('',#2664,1.);
#1603=VECTOR('',#2665,1.);
#1604=VECTOR('',#2666,1.);
#1605=VECTOR('',#2667,1.);
#1606=VECTOR('',#2676,1.);
#1607=VECTOR('',#2677,1.);
#1608=VECTOR('',#2678,1.);
#1609=VECTOR('',#2679,1.);
#1610=VECTOR('',#2682,1.);
#1611=VECTOR('',#2683,1.);
#1612=VECTOR('',#2684,1.);
#1613=VECTOR('',#2685,1.);
#1614=VECTOR('',#2686,1.);
#1615=VECTOR('',#2687,1.);
#1616=VECTOR('',#2688,1.);
#1617=VECTOR('',#2689,1.);
#1618=VECTOR('',#2690,1.);
#1619=VECTOR('',#2691,1.);
#1620=VECTOR('',#2692,1.);
#1621=VECTOR('',#2695,1.);
#1622=VECTOR('',#2698,1.);
#1623=VECTOR('',#2701,1.);
#1624=VECTOR('',#2706,1.);
#1625=VECTOR('',#2707,1.);
#1626=VECTOR('',#2708,1.);
#1627=VECTOR('',#2709,1.);
#1628=VECTOR('',#2716,1.);
#1629=VECTOR('',#2719,1.);
#1630=VECTOR('',#2726,1.);
#1631=VECTOR('',#2729,1.);
#1632=VECTOR('',#2736,1.);
#1633=VECTOR('',#2739,1.);
#1634=VECTOR('',#2742,1.);
#1635=VECTOR('',#2747,1.);
#1636=VECTOR('',#2748,1.);
#1637=VECTOR('',#2751,1.);
#1638=VECTOR('',#2754,1.);
#1639=VECTOR('',#2761,1.);
#1640=VECTOR('',#2764,1.);
#1641=VECTOR('',#2767,1.);
#1642=VECTOR('',#2772,1.);
#1643=VECTOR('',#2775,1.);
#1644=VECTOR('',#2778,1.);
#1645=VECTOR('',#2781,1.);
#1646=VECTOR('',#2784,1.);
#1647=VECTOR('',#2785,1.);
#1648=VECTOR('',#2786,1.);
#1649=VECTOR('',#2787,1.);
#1650=VECTOR('',#2788,1.);
#1651=VECTOR('',#2789,1.);
#1652=VECTOR('',#2790,1.);
#1653=VECTOR('',#2791,1.);
#1654=VECTOR('',#2796,1.);
#1655=VECTOR('',#2799,1.);
#1656=VECTOR('',#2806,1.);
#1657=VECTOR('',#2811,1.);
#1658=VECTOR('',#2816,1.);
#1659=VECTOR('',#2821,1.);
#1660=VECTOR('',#2822,1.);
#1661=VECTOR('',#2823,1.);
#1662=VECTOR('',#2828,1.);
#1663=VECTOR('',#2831,1.);
#1664=VECTOR('',#2898,1.);
#1665=VECTOR('',#2899,1.);
#1666=VECTOR('',#2900,1.);
#1667=VECTOR('',#2901,1.);
#1668=VECTOR('',#2904,1.);
#1669=VECTOR('',#2911,1.);
#1670=VECTOR('',#2918,1.);
#1671=VECTOR('',#2925,1.);
#1672=VECTOR('',#2964,1.);
#1673=VECTOR('',#2967,1.);
#1674=VECTOR('',#2970,1.);
#1675=VECTOR('',#2971,1.);
#1676=VECTOR('',#2976,1.);
#1677=VECTOR('',#2981,1.);
#1678=VECTOR('',#2986,1.);
#1679=VECTOR('',#2989,1.);
#1680=VECTOR('',#2990,1.);
#1681=VECTOR('',#2995,1.);
#1682=VECTOR('',#3000,1.);
#1683=VECTOR('',#3005,1.);
#1684=VECTOR('',#3008,1.);
#1685=VECTOR('',#3009,1.);
#1686=VECTOR('',#3014,1.);
#1687=VECTOR('',#3019,1.);
#1688=VECTOR('',#3024,1.);
#1689=VECTOR('',#3027,1.);
#1690=VECTOR('',#3028,1.);
#1691=VECTOR('',#3033,1.);
#1692=VECTOR('',#3042,1.);
#1693=VECTOR('',#3043,1.);
#1694=VECTOR('',#3044,1.);
#1695=VECTOR('',#3047,1.);
#1696=VECTOR('',#3048,1.);
#1697=VECTOR('',#3051,1.);
#1698=VECTOR('',#3052,1.);
#1699=VECTOR('',#3055,1.);
#1700=VECTOR('',#3070,1.);
#1701=VECTOR('',#3073,1.);
#1702=VECTOR('',#3074,1.);
#1703=VECTOR('',#3075,1.);
#1704=VECTOR('',#3094,1.);
#1705=VECTOR('',#3101,1.);
#1706=VECTOR('',#3102,1.);
#1707=VECTOR('',#3103,1.);
#1708=VECTOR('',#3106,1.);
#1709=VECTOR('',#3107,1.);
#1710=VECTOR('',#3110,1.);
#1711=VECTOR('',#3111,1.);
#1712=VECTOR('',#3114,1.);
#1713=VECTOR('',#3119,1.);
#1714=VECTOR('',#3120,1.);
#1715=VECTOR('',#3121,1.);
#1716=VECTOR('',#3124,1.);
#1717=VECTOR('',#3125,1.);
#1718=VECTOR('',#3128,1.);
#1719=VECTOR('',#3129,1.);
#1720=VECTOR('',#3132,1.);
#1721=VECTOR('',#3135,1.);
#1722=VECTOR('',#3136,1.);
#1723=VECTOR('',#3139,1.);
#1724=VECTOR('',#3140,1.);
#1725=VECTOR('',#3143,1.);
#1726=VECTOR('',#3144,1.);
#1727=VECTOR('',#3147,1.);
#1728=VECTOR('',#3148,1.);
#1729=VECTOR('',#3159,1.);
#1730=VECTOR('',#3160,1.);
#1731=VECTOR('',#3163,1.);
#1732=VECTOR('',#3166,1.);
#1733=VECTOR('',#3275,1.);
#1734=VECTOR('',#3276,1.);
#1735=VECTOR('',#3279,1.);
#1736=VECTOR('',#3282,1.);
#1737=EDGE_LOOP('',(#207,#208,#209,#210));
#1738=EDGE_LOOP('',(#211,#212,#213,#214,#215,#216));
#1739=EDGE_LOOP('',(#217));
#1740=EDGE_LOOP('',(#218,#219,#220,#221));
#1741=EDGE_LOOP('',(#222,#223,#224,#225,#226,#227));
#1742=EDGE_LOOP('',(#228));
#1743=EDGE_LOOP('',(#229,#230,#231,#232,#233,#234,#235,#236));
#1744=EDGE_LOOP('',(#237,#238,#239,#240,#241,#242,#243,#244));
#1745=EDGE_LOOP('',(#245));
#1746=EDGE_LOOP('',(#246));
#1747=EDGE_LOOP('',(#247,#248,#249,#250,#251,#252,#253,#254,#255,#256,#257,
#258,#259,#260));
#1748=EDGE_LOOP('',(#261,#262,#263,#264,#265,#266));
#1749=EDGE_LOOP('',(#267,#268,#269,#270));
#1750=EDGE_LOOP('',(#271,#272,#273,#274));
#1751=EDGE_LOOP('',(#275,#276,#277,#278,#279,#280));
#1752=EDGE_LOOP('',(#281));
#1753=EDGE_LOOP('',(#282,#283,#284));
#1754=EDGE_LOOP('',(#285,#286,#287,#288));
#1755=EDGE_LOOP('',(#289,#290,#291,#292,#293,#294));
#1756=EDGE_LOOP('',(#295,#296,#297,#298));
#1757=EDGE_LOOP('',(#299,#300,#301,#302,#303,#304,#305,#306));
#1758=EDGE_LOOP('',(#307,#308,#309,#310));
#1759=EDGE_LOOP('',(#311,#312,#313,#314));
#1760=EDGE_LOOP('',(#315,#316,#317,#318,#319,#320));
#1761=EDGE_LOOP('',(#321,#322,#323,#324,#325,#326));
#1762=EDGE_LOOP('',(#327,#328,#329,#330,#331,#332,#333,#334));
#1763=EDGE_LOOP('',(#335,#336,#337,#338,#339,#340));
#1764=EDGE_LOOP('',(#341,#342,#343,#344));
#1765=EDGE_LOOP('',(#345,#346,#347,#348,#349,#350));
#1766=EDGE_LOOP('',(#351,#352,#353,#354,#355,#356,#357,#358));
#1767=EDGE_LOOP('',(#359,#360,#361,#362,#363,#364));
#1768=EDGE_LOOP('',(#365,#366,#367,#368,#369,#370,#371,#372));
#1769=EDGE_LOOP('',(#373,#374,#375,#376));
#1770=EDGE_LOOP('',(#377,#378,#379,#380,#381,#382));
#1771=EDGE_LOOP('',(#383,#384,#385,#386,#387,#388));
#1772=EDGE_LOOP('',(#389,#390,#391,#392,#393,#394,#395,#396));
#1773=EDGE_LOOP('',(#397,#398,#399,#400,#401,#402));
#1774=EDGE_LOOP('',(#403,#404,#405,#406));
#1775=EDGE_LOOP('',(#407,#408,#409,#410,#411,#412));
#1776=EDGE_LOOP('',(#413));
#1777=EDGE_LOOP('',(#414));
#1778=EDGE_LOOP('',(#415,#416,#417,#418,#419,#420,#421,#422));
#1779=EDGE_LOOP('',(#423));
#1780=EDGE_LOOP('',(#424));
#1781=EDGE_LOOP('',(#425));
#1782=EDGE_LOOP('',(#426));
#1783=EDGE_LOOP('',(#427));
#1784=EDGE_LOOP('',(#428));
#1785=EDGE_LOOP('',(#429,#430,#431,#432,#433,#434,#435,#436,#437,#438,#439,
#440,#441,#442,#443,#444));
#1786=EDGE_LOOP('',(#445));
#1787=EDGE_LOOP('',(#446,#447,#448,#449,#450));
#1788=EDGE_LOOP('',(#451));
#1789=EDGE_LOOP('',(#452));
#1790=EDGE_LOOP('',(#453));
#1791=EDGE_LOOP('',(#454));
#1792=EDGE_LOOP('',(#455));
#1793=EDGE_LOOP('',(#456));
#1794=EDGE_LOOP('',(#457));
#1795=EDGE_LOOP('',(#458));
#1796=EDGE_LOOP('',(#459));
#1797=EDGE_LOOP('',(#460));
#1798=EDGE_LOOP('',(#461));
#1799=EDGE_LOOP('',(#462));
#1800=EDGE_LOOP('',(#463));
#1801=EDGE_LOOP('',(#464));
#1802=EDGE_LOOP('',(#465));
#1803=EDGE_LOOP('',(#466));
#1804=EDGE_LOOP('',(#467));
#1805=EDGE_LOOP('',(#468));
#1806=EDGE_LOOP('',(#469,#470,#471,#472));
#1807=EDGE_LOOP('',(#473,#474,#475,#476,#477,#478,#479,#480,#481,#482,#483,
#484,#485,#486,#487,#488));
#1808=EDGE_LOOP('',(#489));
#1809=EDGE_LOOP('',(#490));
#1810=EDGE_LOOP('',(#491));
#1811=EDGE_LOOP('',(#492));
#1812=EDGE_LOOP('',(#493));
#1813=EDGE_LOOP('',(#494));
#1814=EDGE_LOOP('',(#495));
#1815=EDGE_LOOP('',(#496));
#1816=EDGE_LOOP('',(#497));
#1817=EDGE_LOOP('',(#498));
#1818=EDGE_LOOP('',(#499));
#1819=EDGE_LOOP('',(#500));
#1820=EDGE_LOOP('',(#501));
#1821=EDGE_LOOP('',(#502));
#1822=EDGE_LOOP('',(#503));
#1823=EDGE_LOOP('',(#504));
#1824=EDGE_LOOP('',(#505,#506,#507,#508));
#1825=EDGE_LOOP('',(#509,#510,#511,#512));
#1826=EDGE_LOOP('',(#513,#514,#515,#516));
#1827=EDGE_LOOP('',(#517,#518,#519,#520));
#1828=EDGE_LOOP('',(#521,#522,#523,#524));
#1829=EDGE_LOOP('',(#525,#526,#527,#528));
#1830=EDGE_LOOP('',(#529,#530,#531,#532));
#1831=EDGE_LOOP('',(#533,#534,#535,#536));
#1832=EDGE_LOOP('',(#537,#538,#539,#540));
#1833=EDGE_LOOP('',(#541,#542,#543,#544));
#1834=EDGE_LOOP('',(#545,#546,#547,#548));
#1835=EDGE_LOOP('',(#549,#550,#551,#552));
#1836=EDGE_LOOP('',(#553,#554,#555,#556));
#1837=EDGE_LOOP('',(#557,#558,#559,#560));
#1838=EDGE_LOOP('',(#561,#562,#563,#564));
#1839=EDGE_LOOP('',(#565,#566,#567,#568));
#1840=EDGE_LOOP('',(#569,#570,#571,#572,#573,#574,#575,#576,#577,#578,#579,
#580,#581,#582,#583,#584));
#1841=EDGE_LOOP('',(#585,#586,#587,#588));
#1842=EDGE_LOOP('',(#589,#590,#591,#592));
#1843=EDGE_LOOP('',(#593,#594,#595,#596));
#1844=EDGE_LOOP('',(#597,#598,#599,#600));
#1845=EDGE_LOOP('',(#601,#602,#603,#604));
#1846=EDGE_LOOP('',(#605));
#1847=EDGE_LOOP('',(#606));
#1848=EDGE_LOOP('',(#607));
#1849=EDGE_LOOP('',(#608));
#1850=EDGE_LOOP('',(#609));
#1851=EDGE_LOOP('',(#610));
#1852=EDGE_LOOP('',(#611,#612,#613,#614));
#1853=EDGE_LOOP('',(#615,#616,#617,#618,#619,#620,#621,#622,#623,#624,#625,
#626,#627,#628));
#1854=EDGE_LOOP('',(#629));
#1855=EDGE_LOOP('',(#630));
#1856=EDGE_LOOP('',(#631));
#1857=EDGE_LOOP('',(#632));
#1858=EDGE_LOOP('',(#633));
#1859=EDGE_LOOP('',(#634));
#1860=EDGE_LOOP('',(#635));
#1861=EDGE_LOOP('',(#636));
#1862=EDGE_LOOP('',(#637,#638,#639,#640));
#1863=EDGE_LOOP('',(#641,#642,#643,#644));
#1864=EDGE_LOOP('',(#645,#646,#647,#648));
#1865=EDGE_LOOP('',(#649,#650,#651,#652));
#1866=EDGE_LOOP('',(#653,#654,#655,#656));
#1867=EDGE_LOOP('',(#657,#658,#659,#660));
#1868=EDGE_LOOP('',(#661,#662,#663,#664));
#1869=EDGE_LOOP('',(#665));
#1870=EDGE_LOOP('',(#666));
#1871=EDGE_LOOP('',(#667,#668,#669,#670));
#1872=EDGE_LOOP('',(#671,#672,#673,#674));
#1873=EDGE_LOOP('',(#675,#676,#677,#678));
#1874=EDGE_LOOP('',(#679,#680,#681,#682));
#1875=EDGE_LOOP('',(#683,#684,#685,#686));
#1876=EDGE_LOOP('',(#687,#688,#689,#690));
#1877=EDGE_LOOP('',(#691,#692,#693,#694));
#1878=EDGE_LOOP('',(#695,#696,#697,#698));
#1879=EDGE_LOOP('',(#699,#700,#701,#702));
#1880=EDGE_LOOP('',(#703,#704,#705,#706));
#1881=EDGE_LOOP('',(#707,#708,#709,#710));
#1882=EDGE_LOOP('',(#711,#712,#713,#714));
#1883=EDGE_LOOP('',(#715,#716,#717,#718));
#1884=EDGE_LOOP('',(#719,#720,#721,#722));
#1885=EDGE_LOOP('',(#723,#724,#725,#726));
#1886=EDGE_LOOP('',(#727,#728,#729,#730));
#1887=EDGE_LOOP('',(#731,#732,#733));
#1888=EDGE_LOOP('',(#734,#735,#736,#737));
#1889=EDGE_LOOP('',(#738,#739,#740,#741));
#1890=EDGE_LOOP('',(#742,#743,#744,#745));
#1891=EDGE_LOOP('',(#746,#747,#748));
#1892=EDGE_LOOP('',(#749,#750,#751));
#1893=EDGE_LOOP('',(#752,#753,#754,#755));
#1894=EDGE_LOOP('',(#756,#757,#758,#759));
#1895=EDGE_LOOP('',(#760,#761,#762,#763));
#1896=EDGE_LOOP('',(#764,#765,#766,#767));
#1897=EDGE_LOOP('',(#768,#769,#770,#771));
#1898=EDGE_LOOP('',(#772,#773,#774,#775));
#1899=EDGE_LOOP('',(#776,#777,#778,#779));
#1900=EDGE_LOOP('',(#780,#781,#782));
#1901=EDGE_LOOP('',(#783,#784,#785));
#1902=EDGE_LOOP('',(#786,#787,#788,#789));
#1903=EDGE_LOOP('',(#790,#791,#792));
#1904=EDGE_LOOP('',(#793,#794,#795,#796));
#1905=EDGE_LOOP('',(#797,#798,#799,#800));
#1906=EDGE_LOOP('',(#801,#802,#803,#804));
#1907=EDGE_LOOP('',(#805,#806,#807,#808));
#1908=EDGE_LOOP('',(#809,#810,#811));
#1909=EDGE_LOOP('',(#812,#813,#814));
#1910=EDGE_LOOP('',(#815,#816,#817,#818));
#1911=EDGE_LOOP('',(#819,#820,#821,#822));
#1912=EDGE_LOOP('',(#823,#824,#825,#826));
#1913=EDGE_LOOP('',(#827,#828,#829,#830));
#1914=EDGE_LOOP('',(#831,#832,#833,#834));
#1915=FACE_BOUND('',#1737,.T.);
#1916=FACE_BOUND('',#1738,.T.);
#1917=FACE_BOUND('',#1739,.T.);
#1918=FACE_BOUND('',#1740,.T.);
#1919=FACE_BOUND('',#1741,.T.);
#1920=FACE_BOUND('',#1742,.T.);
#1921=FACE_BOUND('',#1743,.T.);
#1922=FACE_BOUND('',#1744,.T.);
#1923=FACE_BOUND('',#1745,.T.);
#1924=FACE_BOUND('',#1746,.T.);
#1925=FACE_BOUND('',#1747,.T.);
#1926=FACE_BOUND('',#1748,.T.);
#1927=FACE_BOUND('',#1749,.T.);
#1928=FACE_BOUND('',#1750,.T.);
#1929=FACE_BOUND('',#1751,.T.);
#1930=FACE_BOUND('',#1752,.T.);
#1931=FACE_BOUND('',#1753,.T.);
#1932=FACE_BOUND('',#1754,.T.);
#1933=FACE_BOUND('',#1755,.T.);
#1934=FACE_BOUND('',#1756,.T.);
#1935=FACE_BOUND('',#1757,.T.);
#1936=FACE_BOUND('',#1758,.T.);
#1937=FACE_BOUND('',#1759,.T.);
#1938=FACE_BOUND('',#1760,.T.);
#1939=FACE_BOUND('',#1761,.T.);
#1940=FACE_BOUND('',#1762,.T.);
#1941=FACE_BOUND('',#1763,.T.);
#1942=FACE_BOUND('',#1764,.T.);
#1943=FACE_BOUND('',#1765,.T.);
#1944=FACE_BOUND('',#1766,.T.);
#1945=FACE_BOUND('',#1767,.T.);
#1946=FACE_BOUND('',#1768,.T.);
#1947=FACE_BOUND('',#1769,.T.);
#1948=FACE_BOUND('',#1770,.T.);
#1949=FACE_BOUND('',#1771,.T.);
#1950=FACE_BOUND('',#1772,.T.);
#1951=FACE_BOUND('',#1773,.T.);
#1952=FACE_BOUND('',#1774,.T.);
#1953=FACE_BOUND('',#1775,.T.);
#1954=FACE_BOUND('',#1776,.T.);
#1955=FACE_BOUND('',#1777,.T.);
#1956=FACE_BOUND('',#1778,.T.);
#1957=FACE_BOUND('',#1779,.T.);
#1958=FACE_BOUND('',#1780,.T.);
#1959=FACE_BOUND('',#1781,.T.);
#1960=FACE_BOUND('',#1782,.T.);
#1961=FACE_BOUND('',#1783,.T.);
#1962=FACE_BOUND('',#1784,.T.);
#1963=FACE_BOUND('',#1785,.T.);
#1964=FACE_BOUND('',#1786,.T.);
#1965=FACE_BOUND('',#1787,.T.);
#1966=FACE_BOUND('',#1788,.T.);
#1967=FACE_BOUND('',#1789,.T.);
#1968=FACE_BOUND('',#1790,.T.);
#1969=FACE_BOUND('',#1791,.T.);
#1970=FACE_BOUND('',#1792,.T.);
#1971=FACE_BOUND('',#1793,.T.);
#1972=FACE_BOUND('',#1794,.T.);
#1973=FACE_BOUND('',#1795,.T.);
#1974=FACE_BOUND('',#1796,.T.);
#1975=FACE_BOUND('',#1797,.T.);
#1976=FACE_BOUND('',#1798,.T.);
#1977=FACE_BOUND('',#1799,.T.);
#1978=FACE_BOUND('',#1800,.T.);
#1979=FACE_BOUND('',#1801,.T.);
#1980=FACE_BOUND('',#1802,.T.);
#1981=FACE_BOUND('',#1803,.T.);
#1982=FACE_BOUND('',#1804,.T.);
#1983=FACE_BOUND('',#1805,.T.);
#1984=FACE_BOUND('',#1806,.T.);
#1985=FACE_BOUND('',#1807,.T.);
#1986=FACE_BOUND('',#1808,.T.);
#1987=FACE_BOUND('',#1809,.T.);
#1988=FACE_BOUND('',#1810,.T.);
#1989=FACE_BOUND('',#1811,.T.);
#1990=FACE_BOUND('',#1812,.T.);
#1991=FACE_BOUND('',#1813,.T.);
#1992=FACE_BOUND('',#1814,.T.);
#1993=FACE_BOUND('',#1815,.T.);
#1994=FACE_BOUND('',#1816,.T.);
#1995=FACE_BOUND('',#1817,.T.);
#1996=FACE_BOUND('',#1818,.T.);
#1997=FACE_BOUND('',#1819,.T.);
#1998=FACE_BOUND('',#1820,.T.);
#1999=FACE_BOUND('',#1821,.T.);
#2000=FACE_BOUND('',#1822,.T.);
#2001=FACE_BOUND('',#1823,.T.);
#2002=FACE_BOUND('',#1824,.T.);
#2003=FACE_BOUND('',#1825,.T.);
#2004=FACE_BOUND('',#1826,.T.);
#2005=FACE_BOUND('',#1827,.T.);
#2006=FACE_BOUND('',#1828,.T.);
#2007=FACE_BOUND('',#1829,.T.);
#2008=FACE_BOUND('',#1830,.T.);
#2009=FACE_BOUND('',#1831,.T.);
#2010=FACE_BOUND('',#1832,.T.);
#2011=FACE_BOUND('',#1833,.T.);
#2012=FACE_BOUND('',#1834,.T.);
#2013=FACE_BOUND('',#1835,.T.);
#2014=FACE_BOUND('',#1836,.T.);
#2015=FACE_BOUND('',#1837,.T.);
#2016=FACE_BOUND('',#1838,.T.);
#2017=FACE_BOUND('',#1839,.T.);
#2018=FACE_BOUND('',#1840,.T.);
#2019=FACE_BOUND('',#1841,.T.);
#2020=FACE_BOUND('',#1842,.T.);
#2021=FACE_BOUND('',#1843,.T.);
#2022=FACE_BOUND('',#1844,.T.);
#2023=FACE_BOUND('',#1845,.T.);
#2024=FACE_BOUND('',#1846,.T.);
#2025=FACE_BOUND('',#1847,.T.);
#2026=FACE_BOUND('',#1848,.T.);
#2027=FACE_BOUND('',#1849,.T.);
#2028=FACE_BOUND('',#1850,.T.);
#2029=FACE_BOUND('',#1851,.T.);
#2030=FACE_BOUND('',#1852,.T.);
#2031=FACE_BOUND('',#1853,.T.);
#2032=FACE_BOUND('',#1854,.T.);
#2033=FACE_BOUND('',#1855,.T.);
#2034=FACE_BOUND('',#1856,.T.);
#2035=FACE_BOUND('',#1857,.T.);
#2036=FACE_BOUND('',#1858,.T.);
#2037=FACE_BOUND('',#1859,.T.);
#2038=FACE_BOUND('',#1860,.T.);
#2039=FACE_BOUND('',#1861,.T.);
#2040=FACE_BOUND('',#1862,.T.);
#2041=FACE_BOUND('',#1863,.T.);
#2042=FACE_BOUND('',#1864,.T.);
#2043=FACE_BOUND('',#1865,.T.);
#2044=FACE_BOUND('',#1866,.T.);
#2045=FACE_BOUND('',#1867,.T.);
#2046=FACE_BOUND('',#1868,.T.);
#2047=FACE_BOUND('',#1869,.T.);
#2048=FACE_BOUND('',#1870,.T.);
#2049=FACE_BOUND('',#1871,.T.);
#2050=FACE_BOUND('',#1872,.T.);
#2051=FACE_BOUND('',#1873,.T.);
#2052=FACE_BOUND('',#1874,.T.);
#2053=FACE_BOUND('',#1875,.T.);
#2054=FACE_BOUND('',#1876,.T.);
#2055=FACE_BOUND('',#1877,.T.);
#2056=FACE_BOUND('',#1878,.T.);
#2057=FACE_BOUND('',#1879,.T.);
#2058=FACE_BOUND('',#1880,.T.);
#2059=FACE_BOUND('',#1881,.T.);
#2060=FACE_BOUND('',#1882,.T.);
#2061=FACE_BOUND('',#1883,.T.);
#2062=FACE_BOUND('',#1884,.T.);
#2063=FACE_BOUND('',#1885,.T.);
#2064=FACE_BOUND('',#1886,.T.);
#2065=FACE_BOUND('',#1887,.T.);
#2066=FACE_BOUND('',#1888,.T.);
#2067=FACE_BOUND('',#1889,.T.);
#2068=FACE_BOUND('',#1890,.T.);
#2069=FACE_BOUND('',#1891,.T.);
#2070=FACE_BOUND('',#1892,.T.);
#2071=FACE_BOUND('',#1893,.T.);
#2072=FACE_BOUND('',#1894,.T.);
#2073=FACE_BOUND('',#1895,.T.);
#2074=FACE_BOUND('',#1896,.T.);
#2075=FACE_BOUND('',#1897,.T.);
#2076=FACE_BOUND('',#1898,.T.);
#2077=FACE_BOUND('',#1899,.T.);
#2078=FACE_BOUND('',#1900,.T.);
#2079=FACE_BOUND('',#1901,.T.);
#2080=FACE_BOUND('',#1902,.T.);
#2081=FACE_BOUND('',#1903,.T.);
#2082=FACE_BOUND('',#1904,.T.);
#2083=FACE_BOUND('',#1905,.T.);
#2084=FACE_BOUND('',#1906,.T.);
#2085=FACE_BOUND('',#1907,.T.);
#2086=FACE_BOUND('',#1908,.T.);
#2087=FACE_BOUND('',#1909,.T.);
#2088=FACE_BOUND('',#1910,.T.);
#2089=FACE_BOUND('',#1911,.T.);
#2090=FACE_BOUND('',#1912,.T.);
#2091=FACE_BOUND('',#1913,.T.);
#2092=FACE_BOUND('',#1914,.T.);
#2093=PLANE('',#2309);
#2094=PLANE('',#2311);
#2095=PLANE('',#2313);
#2096=PLANE('',#2314);
#2097=PLANE('',#2315);
#2098=PLANE('',#2324);
#2099=PLANE('',#2325);
#2100=PLANE('',#2326);
#2101=PLANE('',#2327);
#2102=PLANE('',#2328);
#2103=PLANE('',#2331);
#2104=PLANE('',#2332);
#2105=PLANE('',#2337);
#2106=PLANE('',#2352);
#2107=PLANE('',#2361);
#2108=PLANE('',#2377);
#2109=PLANE('',#2394);
#2110=PLANE('',#2395);
#2111=PLANE('',#2397);
#2112=PLANE('',#2399);
#2113=PLANE('',#2403);
#2114=PLANE('',#2406);
#2115=PLANE('',#2409);
#2116=PLANE('',#2412);
#2117=PLANE('',#2413);
#2118=PLANE('',#2430);
#2119=PLANE('',#2433);
#2120=PLANE('',#2436);
#2121=PLANE('',#2439);
#2122=PLANE('',#2444);
#2123=PLANE('',#2451);
#2124=PLANE('',#2458);
#2125=PLANE('',#2465);
#2126=PLANE('',#2470);
#2127=PLANE('',#2471);
#2128=PLANE('',#2472);
#2129=PLANE('',#2473);
#2130=PLANE('',#2474);
#2131=PLANE('',#2477);
#2132=PLANE('',#2480);
#2133=PLANE('',#2481);
#2134=PLANE('',#2482);
#2135=PLANE('',#2487);
#2136=PLANE('',#2490);
#2137=PLANE('',#2491);
#2138=PLANE('',#2492);
#2139=PLANE('',#2493);
#2140=PLANE('',#2494);
#2141=PLANE('',#2495);
#2142=PLANE('',#2496);
#2143=PLANE('',#2497);
#2144=PLANE('',#2499);
#2145=PLANE('',#2500);
#2146=PLANE('',#2501);
#2147=PLANE('',#2502);
#2148=PLANE('',#2503);
#2149=PLANE('',#2504);
#2150=PLANE('',#2505);
#2151=PLANE('',#2506);
#2152=PLANE('',#2511);
#2153=PLANE('',#2512);
#2154=PLANE('',#2513);
#2155=PLANE('',#2514);
#2156=PLANE('',#2567);
#2157=PLANE('',#2568);
#2158=PLANE('',#2569);
#2159=PLANE('',#2570);
#2160=ADVANCED_FACE('',(#1915,#1916,#1917),#2093,.T.);
#2161=ADVANCED_FACE('',(#1918,#1919,#1920),#2094,.F.);
#2162=ADVANCED_FACE('',(#1921),#2095,.F.);
#2163=ADVANCED_FACE('',(#1922),#2096,.T.);
#2164=ADVANCED_FACE('',(#1923,#1924,#1925),#2097,.T.);
#2165=ADVANCED_FACE('',(#1926),#2098,.F.);
#2166=ADVANCED_FACE('',(#1927),#2099,.T.);
#2167=ADVANCED_FACE('',(#1928),#2100,.T.);
#2168=ADVANCED_FACE('',(#1929),#2101,.F.);
#2169=ADVANCED_FACE('',(#1930,#1931),#2102,.T.);
#2170=ADVANCED_FACE('',(#1932),#2103,.T.);
#2171=ADVANCED_FACE('',(#1933,#1934,#1935),#2104,.F.);
#2172=ADVANCED_FACE('',(#1936),#2105,.F.);
#2173=ADVANCED_FACE('',(#1937),#24,.T.);
#2174=ADVANCED_FACE('',(#1938),#25,.F.);
#2175=ADVANCED_FACE('',(#1939),#26,.F.);
#2176=ADVANCED_FACE('',(#1940),#27,.T.);
#2177=ADVANCED_FACE('',(#1941),#28,.F.);
#2178=ADVANCED_FACE('',(#1942),#2106,.F.);
#2179=ADVANCED_FACE('',(#1943),#29,.F.);
#2180=ADVANCED_FACE('',(#1944),#30,.T.);
#2181=ADVANCED_FACE('',(#1945),#31,.F.);
#2182=ADVANCED_FACE('',(#1946,#1947,#1948),#2107,.T.);
#2183=ADVANCED_FACE('',(#1949),#32,.F.);
#2184=ADVANCED_FACE('',(#1950),#33,.T.);
#2185=ADVANCED_FACE('',(#1951),#34,.F.);
#2186=ADVANCED_FACE('',(#1952),#2108,.T.);
#2187=ADVANCED_FACE('',(#1953),#35,.F.);
#2188=ADVANCED_FACE('',(#1954,#1955),#36,.T.);
#2189=ADVANCED_FACE('',(#1956),#37,.T.);
#2190=ADVANCED_FACE('',(#1957,#1958),#38,.T.);
#2191=ADVANCED_FACE('',(#1959,#1960),#39,.T.);
#2192=ADVANCED_FACE('',(#1961,#1962,#1963,#1964,#1965),#2109,.T.);
#2193=ADVANCED_FACE('',(#1966,#1967),#2110,.T.);
#2194=ADVANCED_FACE('',(#1968,#1969),#2111,.T.);
#2195=ADVANCED_FACE('',(#1970,#1971),#2112,.T.);
#2196=ADVANCED_FACE('',(#1972,#1973),#40,.F.);
#2197=ADVANCED_FACE('',(#1974),#2113,.T.);
#2198=ADVANCED_FACE('',(#1975,#1976),#41,.F.);
#2199=ADVANCED_FACE('',(#1977),#2114,.T.);
#2200=ADVANCED_FACE('',(#1978,#1979),#42,.F.);
#2201=ADVANCED_FACE('',(#1980),#2115,.T.);
#2202=ADVANCED_FACE('',(#1981,#1982),#43,.F.);
#2203=ADVANCED_FACE('',(#1983),#2116,.T.);
#2204=ADVANCED_FACE('',(#1984,#1985,#1986,#1987,#1988,#1989),#2117,.F.);
#2205=ADVANCED_FACE('',(#1990),#2118,.F.);
#2206=ADVANCED_FACE('',(#1991,#1992),#44,.F.);
#2207=ADVANCED_FACE('',(#1993),#2119,.F.);
#2208=ADVANCED_FACE('',(#1994,#1995),#45,.F.);
#2209=ADVANCED_FACE('',(#1996),#2120,.F.);
#2210=ADVANCED_FACE('',(#1997,#1998),#46,.F.);
#2211=ADVANCED_FACE('',(#1999),#2121,.F.);
#2212=ADVANCED_FACE('',(#2000,#2001),#47,.F.);
#2213=ADVANCED_FACE('',(#2002),#48,.F.);
#2214=ADVANCED_FACE('',(#2003),#2122,.T.);
#2215=ADVANCED_FACE('',(#2004),#49,.F.);
#2216=ADVANCED_FACE('',(#2005),#50,.T.);
#2217=ADVANCED_FACE('',(#2006),#51,.F.);
#2218=ADVANCED_FACE('',(#2007),#2123,.T.);
#2219=ADVANCED_FACE('',(#2008),#52,.F.);
#2220=ADVANCED_FACE('',(#2009),#53,.T.);
#2221=ADVANCED_FACE('',(#2010),#54,.F.);
#2222=ADVANCED_FACE('',(#2011),#2124,.F.);
#2223=ADVANCED_FACE('',(#2012),#55,.F.);
#2224=ADVANCED_FACE('',(#2013),#56,.T.);
#2225=ADVANCED_FACE('',(#2014),#57,.F.);
#2226=ADVANCED_FACE('',(#2015),#2125,.F.);
#2227=ADVANCED_FACE('',(#2016),#58,.F.);
#2228=ADVANCED_FACE('',(#2017),#59,.T.);
#2229=ADVANCED_FACE('',(#2018,#2019),#2126,.F.);
#2230=ADVANCED_FACE('',(#2020),#2127,.T.);
#2231=ADVANCED_FACE('',(#2021),#2128,.F.);
#2232=ADVANCED_FACE('',(#2022),#2129,.F.);
#2233=ADVANCED_FACE('',(#2023),#2130,.T.);
#2234=ADVANCED_FACE('',(#2024,#2025),#60,.F.);
#2235=ADVANCED_FACE('',(#2026),#2131,.T.);
#2236=ADVANCED_FACE('',(#2027,#2028),#61,.F.);
#2237=ADVANCED_FACE('',(#2029),#2132,.T.);
#2238=ADVANCED_FACE('',(#2030),#2133,.T.);
#2239=ADVANCED_FACE('',(#2031,#2032,#2033),#2134,.T.);
#2240=ADVANCED_FACE('',(#2034,#2035),#62,.F.);
#2241=ADVANCED_FACE('',(#2036),#2135,.T.);
#2242=ADVANCED_FACE('',(#2037,#2038),#63,.F.);
#2243=ADVANCED_FACE('',(#2039),#2136,.T.);
#2244=ADVANCED_FACE('',(#2040),#2137,.F.);
#2245=ADVANCED_FACE('',(#2041),#2138,.F.);
#2246=ADVANCED_FACE('',(#2042),#2139,.F.);
#2247=ADVANCED_FACE('',(#2043),#2140,.F.);
#2248=ADVANCED_FACE('',(#2044),#2141,.T.);
#2249=ADVANCED_FACE('',(#2045),#2142,.T.);
#2250=ADVANCED_FACE('',(#2046),#2143,.F.);
#2251=ADVANCED_FACE('',(#2047,#2048),#64,.F.);
#2252=ADVANCED_FACE('',(#2049),#2144,.F.);
#2253=ADVANCED_FACE('',(#2050),#2145,.T.);
#2254=ADVANCED_FACE('',(#2051),#2146,.T.);
#2255=ADVANCED_FACE('',(#2052),#2147,.F.);
#2256=ADVANCED_FACE('',(#2053),#2148,.F.);
#2257=ADVANCED_FACE('',(#2054),#2149,.T.);
#2258=ADVANCED_FACE('',(#2055),#2150,.T.);
#2259=ADVANCED_FACE('',(#2056),#2151,.F.);
#2260=ADVANCED_FACE('',(#2057),#65,.F.);
#2261=ADVANCED_FACE('',(#2058),#66,.F.);
#2262=ADVANCED_FACE('',(#2059),#67,.F.);
#2263=ADVANCED_FACE('',(#2060),#68,.F.);
#2264=ADVANCED_FACE('',(#2061),#2152,.T.);
#2265=ADVANCED_FACE('',(#2062),#2153,.F.);
#2266=ADVANCED_FACE('',(#2063),#2154,.T.);
#2267=ADVANCED_FACE('',(#2064),#2155,.F.);
#2268=ADVANCED_FACE('',(#2065),#16,.T.);
#2269=ADVANCED_FACE('',(#2066),#69,.T.);
#2270=ADVANCED_FACE('',(#2067),#70,.T.);
#2271=ADVANCED_FACE('',(#2068),#71,.T.);
#2272=ADVANCED_FACE('',(#2069),#17,.T.);
#2273=ADVANCED_FACE('',(#2070),#18,.T.);
#2274=ADVANCED_FACE('',(#2071),#72,.T.);
#2275=ADVANCED_FACE('',(#2072),#73,.T.);
#2276=ADVANCED_FACE('',(#2073),#74,.T.);
#2277=ADVANCED_FACE('',(#2074),#75,.T.);
#2278=ADVANCED_FACE('',(#2075),#76,.T.);
#2279=ADVANCED_FACE('',(#2076),#77,.T.);
#2280=ADVANCED_FACE('',(#2077),#78,.T.);
#2281=ADVANCED_FACE('',(#2078),#19,.T.);
#2282=ADVANCED_FACE('',(#2079),#20,.T.);
#2283=ADVANCED_FACE('',(#2080),#79,.T.);
#2284=ADVANCED_FACE('',(#2081),#21,.T.);
#2285=ADVANCED_FACE('',(#2082),#80,.T.);
#2286=ADVANCED_FACE('',(#2083),#81,.T.);
#2287=ADVANCED_FACE('',(#2084),#82,.T.);
#2288=ADVANCED_FACE('',(#2085),#83,.T.);
#2289=ADVANCED_FACE('',(#2086),#22,.T.);
#2290=ADVANCED_FACE('',(#2087),#23,.T.);
#2291=ADVANCED_FACE('',(#2088),#84,.T.);
#2292=ADVANCED_FACE('',(#2089),#2156,.F.);
#2293=ADVANCED_FACE('',(#2090),#2157,.F.);
#2294=ADVANCED_FACE('',(#2091),#2158,.T.);
#2295=ADVANCED_FACE('',(#2092),#2159,.T.);
#2296=CLOSED_SHELL('',(#2160,#2161,#2162,#2163,#2164,#2165,#2166,#2167,
#2168,#2169,#2170,#2171,#2172,#2173,#2174,#2175,#2176,#2177,#2178,#2179,
#2180,#2181,#2182,#2183,#2184,#2185,#2186,#2187,#2188,#2189,#2190,#2191,
#2192,#2193,#2194,#2195,#2196,#2197,#2198,#2199,#2200,#2201,#2202,#2203,
#2204,#2205,#2206,#2207,#2208,#2209,#2210,#2211,#2212,#2213,#2214,#2215,
#2216,#2217,#2218,#2219,#2220,#2221,#2222,#2223,#2224,#2225,#2226,#2227,
#2228,#2229,#2230,#2231,#2232,#2233,#2234,#2235,#2236,#2237,#2238,#2239,
#2240,#2241,#2242,#2243,#2244,#2245,#2246,#2247,#2248,#2249,#2250,#2251,
#2252,#2253,#2254,#2255,#2256,#2257,#2258,#2259,#2260,#2261,#2262,#2263,
#2264,#2265,#2266,#2267,#2268,#2269,#2270,#2271,#2272,#2273,#2274,#2275,
#2276,#2277,#2278,#2279,#2280,#2281,#2282,#2283,#2284,#2285,#2286,#2287,
#2288,#2289,#2290,#2291,#2292,#2293,#2294,#2295));
#2297=STYLED_ITEM('',(#2298),#2305);
#2298=PRESENTATION_STYLE_ASSIGNMENT((#2299));
#2299=SURFACE_STYLE_USAGE(.BOTH.,#2300);
#2300=SURFACE_SIDE_STYLE('',(#2301));
#2301=SURFACE_STYLE_FILL_AREA(#2302);
#2302=FILL_AREA_STYLE('',(#2303));
#2303=FILL_AREA_STYLE_COLOUR('',#2304);
#2304=COLOUR_RGB('',0.615686274509804,0.811764705882353,0.929411764705882);
#2305=MANIFOLD_SOLID_BREP('MP3_COVER_Main',#2296);
#2306=SHAPE_DEFINITION_REPRESENTATION(#3954,#2307);
#2307=SHAPE_REPRESENTATION('MP3_COVER_Main',(#2308),#3949);
#2308=AXIS2_PLACEMENT_3D('',#3285,#2571,#2572);
#2309=AXIS2_PLACEMENT_3D('',#3286,#2573,#2574);
#2310=AXIS2_PLACEMENT_3D('',#3307,#2585,#2586);
#2311=AXIS2_PLACEMENT_3D('',#3309,#2587,#2588);
#2312=AXIS2_PLACEMENT_3D('',#3330,#2599,#2600);
#2313=AXIS2_PLACEMENT_3D('',#3332,#2601,#2602);
#2314=AXIS2_PLACEMENT_3D('',#3349,#2611,#2612);
#2315=AXIS2_PLACEMENT_3D('',#3366,#2621,#2622);
#2316=AXIS2_PLACEMENT_3D('',#3367,#2623,#2624);
#2317=AXIS2_PLACEMENT_3D('',#3369,#2625,#2626);
#2318=AXIS2_PLACEMENT_3D('',#3377,#2631,#2632);
#2319=AXIS2_PLACEMENT_3D('',#3379,#2633,#2634);
#2320=AXIS2_PLACEMENT_3D('',#3381,#2635,#2636);
#2321=AXIS2_PLACEMENT_3D('',#3385,#2638,#2639);
#2322=AXIS2_PLACEMENT_3D('',#3387,#2640,#2641);
#2323=AXIS2_PLACEMENT_3D('',#3389,#2642,#2643);
#2324=AXIS2_PLACEMENT_3D('',#3390,#2644,#2645);
#2325=AXIS2_PLACEMENT_3D('',#3403,#2652,#2653);
#2326=AXIS2_PLACEMENT_3D('',#3409,#2657,#2658);
#2327=AXIS2_PLACEMENT_3D('',#3415,#2662,#2663);
#2328=AXIS2_PLACEMENT_3D('',#3422,#2668,#2669);
#2329=AXIS2_PLACEMENT_3D('',#3423,#2670,#2671);
#2330=AXIS2_PLACEMENT_3D('',#3425,#2672,#2673);
#2331=AXIS2_PLACEMENT_3D('',#3426,#2674,#2675);
#2332=AXIS2_PLACEMENT_3D('',#3435,#2680,#2681);
#2333=AXIS2_PLACEMENT_3D('',#3459,#2693,#2694);
#2334=AXIS2_PLACEMENT_3D('',#3463,#2696,#2697);
#2335=AXIS2_PLACEMENT_3D('',#3467,#2699,#2700);
#2336=AXIS2_PLACEMENT_3D('',#3471,#2702,#2703);
#2337=AXIS2_PLACEMENT_3D('',#3472,#2704,#2705);
#2338=AXIS2_PLACEMENT_3D('',#3481,#2710,#2711);
#2339=AXIS2_PLACEMENT_3D('',#3482,#2712,#2713);
#2340=AXIS2_PLACEMENT_3D('',#3483,#2714,#2715);
#2341=AXIS2_PLACEMENT_3D('',#3487,#2717,#2718);
#2342=AXIS2_PLACEMENT_3D('',#3491,#2720,#2721);
#2343=AXIS2_PLACEMENT_3D('',#3492,#2722,#2723);
#2344=AXIS2_PLACEMENT_3D('',#3493,#2724,#2725);
#2345=AXIS2_PLACEMENT_3D('',#3496,#2727,#2728);
#2346=AXIS2_PLACEMENT_3D('',#3500,#2730,#2731);
#2347=AXIS2_PLACEMENT_3D('',#3501,#2732,#2733);
#2348=AXIS2_PLACEMENT_3D('',#3502,#2734,#2735);
#2349=AXIS2_PLACEMENT_3D('',#3507,#2737,#2738);
#2350=AXIS2_PLACEMENT_3D('',#3509,#2740,#2741);
#2351=AXIS2_PLACEMENT_3D('',#3512,#2743,#2744);
#2352=AXIS2_PLACEMENT_3D('',#3513,#2745,#2746);
#2353=AXIS2_PLACEMENT_3D('',#3517,#2749,#2750);
#2354=AXIS2_PLACEMENT_3D('',#3520,#2752,#2753);
#2355=AXIS2_PLACEMENT_3D('',#3524,#2755,#2756);
#2356=AXIS2_PLACEMENT_3D('',#3525,#2757,#2758);
#2357=AXIS2_PLACEMENT_3D('',#3526,#2759,#2760);
#2358=AXIS2_PLACEMENT_3D('',#3531,#2762,#2763);
#2359=AXIS2_PLACEMENT_3D('',#3533,#2765,#2766);
#2360=AXIS2_PLACEMENT_3D('',#3536,#2768,#2769);
#2361=AXIS2_PLACEMENT_3D('',#3537,#2770,#2771);
#2362=AXIS2_PLACEMENT_3D('',#3541,#2773,#2774);
#2363=AXIS2_PLACEMENT_3D('',#3545,#2776,#2777);
#2364=AXIS2_PLACEMENT_3D('',#3549,#2779,#2780);
#2365=AXIS2_PLACEMENT_3D('',#3553,#2782,#2783);
#2366=AXIS2_PLACEMENT_3D('',#3569,#2792,#2793);
#2367=AXIS2_PLACEMENT_3D('',#3570,#2794,#2795);
#2368=AXIS2_PLACEMENT_3D('',#3574,#2797,#2798);
#2369=AXIS2_PLACEMENT_3D('',#3578,#2800,#2801);
#2370=AXIS2_PLACEMENT_3D('',#3579,#2802,#2803);
#2371=AXIS2_PLACEMENT_3D('',#3580,#2804,#2805);
#2372=AXIS2_PLACEMENT_3D('',#3585,#2807,#2808);
#2373=AXIS2_PLACEMENT_3D('',#3586,#2809,#2810);
#2374=AXIS2_PLACEMENT_3D('',#3589,#2812,#2813);
#2375=AXIS2_PLACEMENT_3D('',#3590,#2814,#2815);
#2376=AXIS2_PLACEMENT_3D('',#3594,#2817,#2818);
#2377=AXIS2_PLACEMENT_3D('',#3595,#2819,#2820);
#2378=AXIS2_PLACEMENT_3D('',#3601,#2824,#2825);
#2379=AXIS2_PLACEMENT_3D('',#3602,#2826,#2827);
#2380=AXIS2_PLACEMENT_3D('',#3606,#2829,#2830);
#2381=AXIS2_PLACEMENT_3D('',#3610,#2832,#2833);
#2382=AXIS2_PLACEMENT_3D('',#3611,#2834,#2835);
#2383=AXIS2_PLACEMENT_3D('',#3612,#2836,#2837);
#2384=AXIS2_PLACEMENT_3D('',#3614,#2838,#2839);
#2385=AXIS2_PLACEMENT_3D('',#3616,#2840,#2841);
#2386=AXIS2_PLACEMENT_3D('',#3617,#2842,#2843);
#2387=AXIS2_PLACEMENT_3D('',#3618,#2844,#2845);
#2388=AXIS2_PLACEMENT_3D('',#3619,#2846,#2847);
#2389=AXIS2_PLACEMENT_3D('',#3620,#2848,#2849);
#2390=AXIS2_PLACEMENT_3D('',#3622,#2850,#2851);
#2391=AXIS2_PLACEMENT_3D('',#3624,#2852,#2853);
#2392=AXIS2_PLACEMENT_3D('',#3625,#2854,#2855);
#2393=AXIS2_PLACEMENT_3D('',#3627,#2856,#2857);
#2394=AXIS2_PLACEMENT_3D('',#3629,#2858,#2859);
#2395=AXIS2_PLACEMENT_3D('',#3630,#2860,#2861);
#2396=AXIS2_PLACEMENT_3D('',#3631,#2862,#2863);
#2397=AXIS2_PLACEMENT_3D('',#3633,#2864,#2865);
#2398=AXIS2_PLACEMENT_3D('',#3634,#2866,#2867);
#2399=AXIS2_PLACEMENT_3D('',#3636,#2868,#2869);
#2400=AXIS2_PLACEMENT_3D('',#3637,#2870,#2871);
#2401=AXIS2_PLACEMENT_3D('',#3639,#2872,#2873);
#2402=AXIS2_PLACEMENT_3D('',#3640,#2874,#2875);
#2403=AXIS2_PLACEMENT_3D('',#3642,#2876,#2877);
#2404=AXIS2_PLACEMENT_3D('',#3643,#2878,#2879);
#2405=AXIS2_PLACEMENT_3D('',#3644,#2880,#2881);
#2406=AXIS2_PLACEMENT_3D('',#3646,#2882,#2883);
#2407=AXIS2_PLACEMENT_3D('',#3647,#2884,#2885);
#2408=AXIS2_PLACEMENT_3D('',#3648,#2886,#2887);
#2409=AXIS2_PLACEMENT_3D('',#3650,#2888,#2889);
#2410=AXIS2_PLACEMENT_3D('',#3651,#2890,#2891);
#2411=AXIS2_PLACEMENT_3D('',#3652,#2892,#2893);
#2412=AXIS2_PLACEMENT_3D('',#3654,#2894,#2895);
#2413=AXIS2_PLACEMENT_3D('',#3655,#2896,#2897);
#2414=AXIS2_PLACEMENT_3D('',#3664,#2902,#2903);
#2415=AXIS2_PLACEMENT_3D('',#3669,#2905,#2906);
#2416=AXIS2_PLACEMENT_3D('',#3671,#2907,#2908);
#2417=AXIS2_PLACEMENT_3D('',#3673,#2909,#2910);
#2418=AXIS2_PLACEMENT_3D('',#3677,#2912,#2913);
#2419=AXIS2_PLACEMENT_3D('',#3679,#2914,#2915);
#2420=AXIS2_PLACEMENT_3D('',#3681,#2916,#2917);
#2421=AXIS2_PLACEMENT_3D('',#3685,#2919,#2920);
#2422=AXIS2_PLACEMENT_3D('',#3687,#2921,#2922);
#2423=AXIS2_PLACEMENT_3D('',#3689,#2923,#2924);
#2424=AXIS2_PLACEMENT_3D('',#3693,#2926,#2927);
#2425=AXIS2_PLACEMENT_3D('',#3695,#2928,#2929);
#2426=AXIS2_PLACEMENT_3D('',#3696,#2930,#2931);
#2427=AXIS2_PLACEMENT_3D('',#3698,#2932,#2933);
#2428=AXIS2_PLACEMENT_3D('',#3700,#2934,#2935);
#2429=AXIS2_PLACEMENT_3D('',#3702,#2936,#2937);
#2430=AXIS2_PLACEMENT_3D('',#3704,#2938,#2939);
#2431=AXIS2_PLACEMENT_3D('',#3705,#2940,#2941);
#2432=AXIS2_PLACEMENT_3D('',#3707,#2942,#2943);
#2433=AXIS2_PLACEMENT_3D('',#3708,#2944,#2945);
#2434=AXIS2_PLACEMENT_3D('',#3709,#2946,#2947);
#2435=AXIS2_PLACEMENT_3D('',#3711,#2948,#2949);
#2436=AXIS2_PLACEMENT_3D('',#3712,#2950,#2951);
#2437=AXIS2_PLACEMENT_3D('',#3713,#2952,#2953);
#2438=AXIS2_PLACEMENT_3D('',#3715,#2954,#2955);
#2439=AXIS2_PLACEMENT_3D('',#3716,#2956,#2957);
#2440=AXIS2_PLACEMENT_3D('',#3717,#2958,#2959);
#2441=AXIS2_PLACEMENT_3D('',#3719,#2960,#2961);
#2442=AXIS2_PLACEMENT_3D('',#3720,#2962,#2963);
#2443=AXIS2_PLACEMENT_3D('',#3723,#2965,#2966);
#2444=AXIS2_PLACEMENT_3D('',#3726,#2968,#2969);
#2445=AXIS2_PLACEMENT_3D('',#3730,#2972,#2973);
#2446=AXIS2_PLACEMENT_3D('',#3731,#2974,#2975);
#2447=AXIS2_PLACEMENT_3D('',#3734,#2977,#2978);
#2448=AXIS2_PLACEMENT_3D('',#3735,#2979,#2980);
#2449=AXIS2_PLACEMENT_3D('',#3738,#2982,#2983);
#2450=AXIS2_PLACEMENT_3D('',#3739,#2984,#2985);
#2451=AXIS2_PLACEMENT_3D('',#3742,#2987,#2988);
#2452=AXIS2_PLACEMENT_3D('',#3746,#2991,#2992);
#2453=AXIS2_PLACEMENT_3D('',#3747,#2993,#2994);
#2454=AXIS2_PLACEMENT_3D('',#3750,#2996,#2997);
#2455=AXIS2_PLACEMENT_3D('',#3751,#2998,#2999);
#2456=AXIS2_PLACEMENT_3D('',#3754,#3001,#3002);
#2457=AXIS2_PLACEMENT_3D('',#3755,#3003,#3004);
#2458=AXIS2_PLACEMENT_3D('',#3758,#3006,#3007);
#2459=AXIS2_PLACEMENT_3D('',#3762,#3010,#3011);
#2460=AXIS2_PLACEMENT_3D('',#3763,#3012,#3013);
#2461=AXIS2_PLACEMENT_3D('',#3766,#3015,#3016);
#2462=AXIS2_PLACEMENT_3D('',#3767,#3017,#3018);
#2463=AXIS2_PLACEMENT_3D('',#3770,#3020,#3021);
#2464=AXIS2_PLACEMENT_3D('',#3771,#3022,#3023);
#2465=AXIS2_PLACEMENT_3D('',#3774,#3025,#3026);
#2466=AXIS2_PLACEMENT_3D('',#3778,#3029,#3030);
#2467=AXIS2_PLACEMENT_3D('',#3779,#3031,#3032);
#2468=AXIS2_PLACEMENT_3D('',#3782,#3034,#3035);
#2469=AXIS2_PLACEMENT_3D('',#3783,#3036,#3037);
#2470=AXIS2_PLACEMENT_3D('',#3784,#3038,#3039);
#2471=AXIS2_PLACEMENT_3D('',#3785,#3040,#3041);
#2472=AXIS2_PLACEMENT_3D('',#3791,#3045,#3046);
#2473=AXIS2_PLACEMENT_3D('',#3795,#3049,#3050);
#2474=AXIS2_PLACEMENT_3D('',#3799,#3053,#3054);
#2475=AXIS2_PLACEMENT_3D('',#3801,#3056,#3057);
#2476=AXIS2_PLACEMENT_3D('',#3802,#3058,#3059);
#2477=AXIS2_PLACEMENT_3D('',#3804,#3060,#3061);
#2478=AXIS2_PLACEMENT_3D('',#3805,#3062,#3063);
#2479=AXIS2_PLACEMENT_3D('',#3806,#3064,#3065);
#2480=AXIS2_PLACEMENT_3D('',#3808,#3066,#3067);
#2481=AXIS2_PLACEMENT_3D('',#3809,#3068,#3069);
#2482=AXIS2_PLACEMENT_3D('',#3811,#3071,#3072);
#2483=AXIS2_PLACEMENT_3D('',#3815,#3076,#3077);
#2484=AXIS2_PLACEMENT_3D('',#3817,#3078,#3079);
#2485=AXIS2_PLACEMENT_3D('',#3819,#3080,#3081);
#2486=AXIS2_PLACEMENT_3D('',#3820,#3082,#3083);
#2487=AXIS2_PLACEMENT_3D('',#3822,#3084,#3085);
#2488=AXIS2_PLACEMENT_3D('',#3823,#3086,#3087);
#2489=AXIS2_PLACEMENT_3D('',#3824,#3088,#3089);
#2490=AXIS2_PLACEMENT_3D('',#3826,#3090,#3091);
#2491=AXIS2_PLACEMENT_3D('',#3827,#3092,#3093);
#2492=AXIS2_PLACEMENT_3D('',#3829,#3095,#3096);
#2493=AXIS2_PLACEMENT_3D('',#3830,#3097,#3098);
#2494=AXIS2_PLACEMENT_3D('',#3831,#3099,#3100);
#2495=AXIS2_PLACEMENT_3D('',#3837,#3104,#3105);
#2496=AXIS2_PLACEMENT_3D('',#3841,#3108,#3109);
#2497=AXIS2_PLACEMENT_3D('',#3845,#3112,#3113);
#2498=AXIS2_PLACEMENT_3D('',#3847,#3115,#3116);
#2499=AXIS2_PLACEMENT_3D('',#3848,#3117,#3118);
#2500=AXIS2_PLACEMENT_3D('',#3854,#3122,#3123);
#2501=AXIS2_PLACEMENT_3D('',#3858,#3126,#3127);
#2502=AXIS2_PLACEMENT_3D('',#3862,#3130,#3131);
#2503=AXIS2_PLACEMENT_3D('',#3864,#3133,#3134);
#2504=AXIS2_PLACEMENT_3D('',#3867,#3137,#3138);
#2505=AXIS2_PLACEMENT_3D('',#3870,#3141,#3142);
#2506=AXIS2_PLACEMENT_3D('',#3873,#3145,#3146);
#2507=AXIS2_PLACEMENT_3D('',#3876,#3149,#3150);
#2508=AXIS2_PLACEMENT_3D('',#3877,#3151,#3152);
#2509=AXIS2_PLACEMENT_3D('',#3878,#3153,#3154);
#2510=AXIS2_PLACEMENT_3D('',#3879,#3155,#3156);
#2511=AXIS2_PLACEMENT_3D('',#3880,#3157,#3158);
#2512=AXIS2_PLACEMENT_3D('',#3883,#3161,#3162);
#2513=AXIS2_PLACEMENT_3D('',#3885,#3164,#3165);
#2514=AXIS2_PLACEMENT_3D('',#3887,#3167,#3168);
#2515=AXIS2_PLACEMENT_3D('',#3888,#3169,#3170);
#2516=AXIS2_PLACEMENT_3D('',#3889,#3171,#3172);
#2517=AXIS2_PLACEMENT_3D('',#3890,#3173,#3174);
#2518=AXIS2_PLACEMENT_3D('',#3891,#3175,#3176);
#2519=AXIS2_PLACEMENT_3D('',#3892,#3177,#3178);
#2520=AXIS2_PLACEMENT_3D('',#3893,#3179,#3180);
#2521=AXIS2_PLACEMENT_3D('',#3894,#3181,#3182);
#2522=AXIS2_PLACEMENT_3D('',#3895,#3183,#3184);
#2523=AXIS2_PLACEMENT_3D('',#3896,#3185,#3186);
#2524=AXIS2_PLACEMENT_3D('',#3897,#3187,#3188);
#2525=AXIS2_PLACEMENT_3D('',#3898,#3189,#3190);
#2526=AXIS2_PLACEMENT_3D('',#3899,#3191,#3192);
#2527=AXIS2_PLACEMENT_3D('',#3900,#3193,#3194);
#2528=AXIS2_PLACEMENT_3D('',#3901,#3195,#3196);
#2529=AXIS2_PLACEMENT_3D('',#3902,#3197,#3198);
#2530=AXIS2_PLACEMENT_3D('',#3903,#3199,#3200);
#2531=AXIS2_PLACEMENT_3D('',#3904,#3201,#3202);
#2532=AXIS2_PLACEMENT_3D('',#3905,#3203,#3204);
#2533=AXIS2_PLACEMENT_3D('',#3906,#3205,#3206);
#2534=AXIS2_PLACEMENT_3D('',#3907,#3207,#3208);
#2535=AXIS2_PLACEMENT_3D('',#3908,#3209,#3210);
#2536=AXIS2_PLACEMENT_3D('',#3909,#3211,#3212);
#2537=AXIS2_PLACEMENT_3D('',#3910,#3213,#3214);
#2538=AXIS2_PLACEMENT_3D('',#3911,#3215,#3216);
#2539=AXIS2_PLACEMENT_3D('',#3912,#3217,#3218);
#2540=AXIS2_PLACEMENT_3D('',#3913,#3219,#3220);
#2541=AXIS2_PLACEMENT_3D('',#3914,#3221,#3222);
#2542=AXIS2_PLACEMENT_3D('',#3915,#3223,#3224);
#2543=AXIS2_PLACEMENT_3D('',#3916,#3225,#3226);
#2544=AXIS2_PLACEMENT_3D('',#3917,#3227,#3228);
#2545=AXIS2_PLACEMENT_3D('',#3918,#3229,#3230);
#2546=AXIS2_PLACEMENT_3D('',#3919,#3231,#3232);
#2547=AXIS2_PLACEMENT_3D('',#3920,#3233,#3234);
#2548=AXIS2_PLACEMENT_3D('',#3921,#3235,#3236);
#2549=AXIS2_PLACEMENT_3D('',#3922,#3237,#3238);
#2550=AXIS2_PLACEMENT_3D('',#3923,#3239,#3240);
#2551=AXIS2_PLACEMENT_3D('',#3924,#3241,#3242);
#2552=AXIS2_PLACEMENT_3D('',#3925,#3243,#3244);
#2553=AXIS2_PLACEMENT_3D('',#3926,#3245,#3246);
#2554=AXIS2_PLACEMENT_3D('',#3927,#3247,#3248);
#2555=AXIS2_PLACEMENT_3D('',#3928,#3249,#3250);
#2556=AXIS2_PLACEMENT_3D('',#3929,#3251,#3252);
#2557=AXIS2_PLACEMENT_3D('',#3930,#3253,#3254);
#2558=AXIS2_PLACEMENT_3D('',#3931,#3255,#3256);
#2559=AXIS2_PLACEMENT_3D('',#3932,#3257,#3258);
#2560=AXIS2_PLACEMENT_3D('',#3933,#3259,#3260);
#2561=AXIS2_PLACEMENT_3D('',#3934,#3261,#3262);
#2562=AXIS2_PLACEMENT_3D('',#3935,#3263,#3264);
#2563=AXIS2_PLACEMENT_3D('',#3936,#3265,#3266);
#2564=AXIS2_PLACEMENT_3D('',#3937,#3267,#3268);
#2565=AXIS2_PLACEMENT_3D('',#3938,#3269,#3270);
#2566=AXIS2_PLACEMENT_3D('',#3939,#3271,#3272);
#2567=AXIS2_PLACEMENT_3D('',#3940,#3273,#3274);
#2568=AXIS2_PLACEMENT_3D('',#3943,#3277,#3278);
#2569=AXIS2_PLACEMENT_3D('',#3945,#3280,#3281);
#2570=AXIS2_PLACEMENT_3D('',#3947,#3283,#3284);
#2571=DIRECTION('',(0.,0.,1.));
#2572=DIRECTION('',(1.,0.,0.));
#2573=DIRECTION('',(-1.,0.,0.));
#2574=DIRECTION('',(0.,0.,1.));
#2575=DIRECTION('',(0.,-1.,1.72896027505994E-16));
#2576=DIRECTION('',(0.,1.34743233049461E-32,-1.));
#2577=DIRECTION('',(0.,1.,-1.8730402979816E-16));
#2578=DIRECTION('',(0.,-1.34743233049461E-32,1.));
#2579=DIRECTION('',(0.,0.,1.));
#2580=DIRECTION('',(0.,-1.,0.));
#2581=DIRECTION('',(0.,0.,1.));
#2582=DIRECTION('',(0.,-1.,0.));
#2583=DIRECTION('',(0.,-0.554700196225229,-0.832050294337844));
#2584=DIRECTION('',(0.,-1.,0.));
#2585=DIRECTION('',(-1.,0.,0.));
#2586=DIRECTION('',(0.,0.,1.));
#2587=DIRECTION('',(-1.,-1.79054084721931E-16,0.));
#2588=DIRECTION('',(1.79054084721931E-16,-1.,0.));
#2589=DIRECTION('',(2.41263262661451E-48,-1.34743233049461E-32,1.));
#2590=DIRECTION('',(-1.79054084721931E-16,1.,-1.72896027505994E-16));
#2591=DIRECTION('',(2.41263262661451E-48,-1.34743233049461E-32,1.));
#2592=DIRECTION('',(-1.79054084721931E-16,1.,-1.8730402979816E-16));
#2593=DIRECTION('',(1.79054084721931E-16,-1.,0.));
#2594=DIRECTION('',(-9.93213359301841E-17,0.55470019622523,0.832050294337843));
#2595=DIRECTION('',(1.84088691779796E-16,-1.,0.));
#2596=DIRECTION('',(0.,0.,1.));
#2597=DIRECTION('',(1.79054084721931E-16,-1.,0.));
#2598=DIRECTION('',(0.,0.,1.));
#2599=DIRECTION('',(-1.,-1.79054084721931E-16,0.));
#2600=DIRECTION('',(1.79054084721931E-16,-1.,0.));
#2601=DIRECTION('',(1.,3.48849766962901E-16,0.));
#2602=DIRECTION('',(-3.48849766962901E-16,1.,0.));
#2603=DIRECTION('',(2.96417131783709E-16,-1.,0.));
#2604=DIRECTION('',(-1.93507034187446E-16,0.55470019622523,0.832050294337843));
#2605=DIRECTION('',(3.48849766962901E-16,-1.,0.));
#2606=DIRECTION('',(0.,0.,-1.));
#2607=DIRECTION('',(3.48849766962901E-16,-1.,0.));
#2608=DIRECTION('',(1.93507034187446E-16,-0.554700196225229,-0.832050294337844));
#2609=DIRECTION('',(2.96417131783709E-16,-1.,0.));
#2610=DIRECTION('',(0.,0.,-1.));
#2611=DIRECTION('',(1.,2.06514699521048E-16,0.));
#2612=DIRECTION('',(-2.06514699521048E-16,1.,0.));
#2613=DIRECTION('',(2.06514699521048E-16,-1.,0.));
#2614=DIRECTION('',(1.1455374434772E-16,-0.55470019622523,-0.832050294337843));
#2615=DIRECTION('',(1.85260707364818E-16,-1.,0.));
#2616=DIRECTION('',(0.,0.,-1.));
#2617=DIRECTION('',(1.85260707364818E-16,-1.,0.));
#2618=DIRECTION('',(-1.1455374434772E-16,0.554700196225229,0.832050294337844));
#2619=DIRECTION('',(2.06514699521048E-16,-1.,0.));
#2620=DIRECTION('',(0.,0.,-1.));
#2621=DIRECTION('',(0.,0.,1.));
#2622=DIRECTION('',(1.,0.,0.));
#2623=DIRECTION('',(0.,0.,1.));
#2624=DIRECTION('',(1.,0.,0.));
#2625=DIRECTION('',(0.,0.,1.));
#2626=DIRECTION('',(1.,0.,0.));
#2627=DIRECTION('',(-1.,0.,0.));
#2628=DIRECTION('',(1.,4.13029399042096E-16,0.));
#2629=DIRECTION('',(-1.,0.,0.));
#2630=DIRECTION('',(0.,-1.,0.));
#2631=DIRECTION('',(0.,0.,1.));
#2632=DIRECTION('',(1.,0.,0.));
#2633=DIRECTION('',(0.,0.,1.));
#2634=DIRECTION('',(1.,0.,0.));
#2635=DIRECTION('',(0.,0.,1.));
#2636=DIRECTION('',(1.,0.,0.));
#2637=DIRECTION('',(1.,1.78377735318951E-16,0.));
#2638=DIRECTION('',(0.,0.,1.));
#2639=DIRECTION('',(1.,0.,0.));
#2640=DIRECTION('',(0.,0.,1.));
#2641=DIRECTION('',(1.,0.,0.));
#2642=DIRECTION('',(0.,0.,1.));
#2643=DIRECTION('',(1.,0.,0.));
#2644=DIRECTION('',(-1.,0.,0.));
#2645=DIRECTION('',(0.,0.,1.));
#2646=DIRECTION('',(0.,0.,1.));
#2647=DIRECTION('',(0.,-1.,0.));
#2648=DIRECTION('',(0.,0.,1.));
#2649=DIRECTION('',(0.,-1.,0.));
#2650=DIRECTION('',(0.,0.,1.));
#2651=DIRECTION('',(0.,-1.,0.));
#2652=DIRECTION('',(0.,-1.,0.));
#2653=DIRECTION('',(0.,0.,-1.));
#2654=DIRECTION('',(1.,0.,0.));
#2655=DIRECTION('',(0.,0.,1.));
#2656=DIRECTION('',(1.,0.,0.));
#2657=DIRECTION('',(-1.,0.,0.));
#2658=DIRECTION('',(0.,0.,1.));
#2659=DIRECTION('',(0.,-1.,0.));
#2660=DIRECTION('',(0.,0.,1.));
#2661=DIRECTION('',(0.,-1.,0.));
#2662=DIRECTION('',(0.,-1.,0.));
#2663=DIRECTION('',(0.,0.,-1.));
#2664=DIRECTION('',(1.,0.,0.));
#2665=DIRECTION('',(1.,0.,0.));
#2666=DIRECTION('',(0.,0.,1.));
#2667=DIRECTION('',(1.,0.,0.));
#2668=DIRECTION('',(0.,0.,1.));
#2669=DIRECTION('',(1.,0.,0.));
#2670=DIRECTION('',(0.,0.,1.));
#2671=DIRECTION('',(1.,0.,0.));
#2672=DIRECTION('',(0.,0.,1.));
#2673=DIRECTION('',(1.,0.,0.));
#2674=DIRECTION('',(1.35349035836942E-16,-1.,0.));
#2675=DIRECTION('',(1.,1.35349035836942E-16,0.));
#2676=DIRECTION('',(0.,0.,1.));
#2677=DIRECTION('',(1.,1.35349035836942E-16,0.));
#2678=DIRECTION('',(0.,0.,1.));
#2679=DIRECTION('',(1.,1.35349035836942E-16,0.));
#2680=DIRECTION('',(-1.,0.,0.));
#2681=DIRECTION('',(0.,0.,1.));
#2682=DIRECTION('',(0.,0.,1.));
#2683=DIRECTION('',(0.,-1.,0.));
#2684=DIRECTION('',(0.,0.,1.));
#2685=DIRECTION('',(0.,-1.,0.));
#2686=DIRECTION('',(0.,0.554700196225229,0.832050294337844));
#2687=DIRECTION('',(0.,-1.,0.));
#2688=DIRECTION('',(0.,1.,1.86529406019011E-16));
#2689=DIRECTION('',(0.,0.,-1.));
#2690=DIRECTION('',(0.,-1.,-9.32647030095057E-17));
#2691=DIRECTION('',(0.,0.,1.));
#2692=DIRECTION('',(0.,0.,-1.));
#2693=DIRECTION('',(-1.,0.,0.));
#2694=DIRECTION('',(0.,0.,1.));
#2695=DIRECTION('',(0.,1.,8.22923850083874E-17));
#2696=DIRECTION('',(-1.,0.,0.));
#2697=DIRECTION('',(0.,0.,1.));
#2698=DIRECTION('',(0.,0.,-1.));
#2699=DIRECTION('',(-1.,0.,0.));
#2700=DIRECTION('',(0.,0.,1.));
#2701=DIRECTION('',(0.,1.,1.23438577512581E-16));
#2702=DIRECTION('',(-1.,0.,0.));
#2703=DIRECTION('',(0.,0.,1.));
#2704=DIRECTION('',(0.,-1.,0.));
#2705=DIRECTION('',(0.,0.,-1.));
#2706=DIRECTION('',(0.,0.,1.));
#2707=DIRECTION('',(1.,0.,0.));
#2708=DIRECTION('',(0.,0.,1.));
#2709=DIRECTION('',(1.,0.,0.));
#2710=DIRECTION('',(0.,0.,1.));
#2711=DIRECTION('',(1.,0.,0.));
#2712=DIRECTION('',(0.,0.,1.));
#2713=DIRECTION('',(1.,0.,0.));
#2714=DIRECTION('',(0.,0.,1.));
#2715=DIRECTION('',(1.,0.,0.));
#2716=DIRECTION('',(0.,0.,1.));
#2717=DIRECTION('',(0.,0.,1.));
#2718=DIRECTION('',(1.,0.,0.));
#2719=DIRECTION('',(0.,0.,-1.));
#2720=DIRECTION('',(0.,0.,1.));
#2721=DIRECTION('',(1.,0.,0.));
#2722=DIRECTION('',(0.,0.,1.));
#2723=DIRECTION('',(1.,0.,0.));
#2724=DIRECTION('',(0.,0.,1.));
#2725=DIRECTION('',(1.,0.,0.));
#2726=DIRECTION('',(0.,0.,-1.));
#2727=DIRECTION('',(0.,0.,1.));
#2728=DIRECTION('',(1.,0.,0.));
#2729=DIRECTION('',(0.,0.,1.));
#2730=DIRECTION('',(0.,0.,1.));
#2731=DIRECTION('',(1.,0.,0.));
#2732=DIRECTION('',(0.,0.,1.));
#2733=DIRECTION('',(1.,0.,0.));
#2734=DIRECTION('',(0.,0.,1.));
#2735=DIRECTION('',(1.,0.,0.));
#2736=DIRECTION('',(0.,0.,1.));
#2737=DIRECTION('',(0.,0.,1.));
#2738=DIRECTION('',(1.,0.,0.));
#2739=DIRECTION('',(0.,0.,-1.));
#2740=DIRECTION('',(0.,0.,1.));
#2741=DIRECTION('',(1.,0.,0.));
#2742=DIRECTION('',(0.,0.,1.));
#2743=DIRECTION('',(0.,0.,1.));
#2744=DIRECTION('',(1.,0.,0.));
#2745=DIRECTION('',(8.91888676594759E-17,-1.,0.));
#2746=DIRECTION('',(1.,8.91888676594759E-17,0.));
#2747=DIRECTION('',(0.,0.,1.));
#2748=DIRECTION('',(1.,8.91888676594759E-17,0.));
#2749=DIRECTION('',(0.,0.,1.));
#2750=DIRECTION('',(1.,0.,0.));
#2751=DIRECTION('',(0.,0.,-1.));
#2752=DIRECTION('',(0.,0.,1.));
#2753=DIRECTION('',(1.,0.,0.));
#2754=DIRECTION('',(0.,0.,1.));
#2755=DIRECTION('',(0.,0.,1.));
#2756=DIRECTION('',(1.,0.,0.));
#2757=DIRECTION('',(0.,0.,1.));
#2758=DIRECTION('',(1.,0.,0.));
#2759=DIRECTION('',(0.,0.,1.));
#2760=DIRECTION('',(1.,0.,0.));
#2761=DIRECTION('',(0.,0.,1.));
#2762=DIRECTION('',(0.,0.,1.));
#2763=DIRECTION('',(1.,0.,0.));
#2764=DIRECTION('',(0.,0.,-1.));
#2765=DIRECTION('',(0.,0.,1.));
#2766=DIRECTION('',(1.,0.,0.));
#2767=DIRECTION('',(0.,0.,1.));
#2768=DIRECTION('',(0.,0.,1.));
#2769=DIRECTION('',(1.,0.,0.));
#2770=DIRECTION('',(-1.,0.,0.));
#2771=DIRECTION('',(0.,0.,1.));
#2772=DIRECTION('',(0.,1.,8.22923850083874E-17));
#2773=DIRECTION('',(-1.,0.,0.));
#2774=DIRECTION('',(0.,0.,1.));
#2775=DIRECTION('',(0.,0.,-1.));
#2776=DIRECTION('',(-1.,0.,0.));
#2777=DIRECTION('',(0.,0.,1.));
#2778=DIRECTION('',(0.,1.,1.23438577512581E-16));
#2779=DIRECTION('',(-1.,0.,0.));
#2780=DIRECTION('',(0.,0.,1.));
#2781=DIRECTION('',(0.,0.,-1.));
#2782=DIRECTION('',(-1.,0.,0.));
#2783=DIRECTION('',(0.,0.,1.));
#2784=DIRECTION('',(0.,1.,1.86529406019011E-16));
#2785=DIRECTION('',(0.,0.,-1.));
#2786=DIRECTION('',(0.,1.,9.32647030095057E-17));
#2787=DIRECTION('',(0.,0.,-1.));
#2788=DIRECTION('',(0.,-0.55470019622523,-0.832050294337843));
#2789=DIRECTION('',(0.,-1.,0.));
#2790=DIRECTION('',(0.,0.,1.));
#2791=DIRECTION('',(0.,-1.,0.));
#2792=DIRECTION('',(0.,0.,1.));
#2793=DIRECTION('',(1.,0.,0.));
#2794=DIRECTION('',(0.,0.,1.));
#2795=DIRECTION('',(1.,0.,0.));
#2796=DIRECTION('',(0.,0.,-1.));
#2797=DIRECTION('',(0.,0.,1.));
#2798=DIRECTION('',(1.,0.,0.));
#2799=DIRECTION('',(0.,0.,1.));
#2800=DIRECTION('',(0.,0.,1.));
#2801=DIRECTION('',(1.,0.,0.));
#2802=DIRECTION('',(0.,0.,1.));
#2803=DIRECTION('',(1.,0.,0.));
#2804=DIRECTION('',(0.,0.,1.));
#2805=DIRECTION('',(1.,0.,0.));
#2806=DIRECTION('',(0.,0.,1.));
#2807=DIRECTION('',(0.,0.,1.));
#2808=DIRECTION('',(1.,0.,0.));
#2809=DIRECTION('',(0.,0.,1.));
#2810=DIRECTION('',(1.,0.,0.));
#2811=DIRECTION('',(0.,0.,-1.));
#2812=DIRECTION('',(0.,0.,1.));
#2813=DIRECTION('',(1.,0.,0.));
#2814=DIRECTION('',(0.,0.,1.));
#2815=DIRECTION('',(1.,0.,0.));
#2816=DIRECTION('',(0.,0.,1.));
#2817=DIRECTION('',(0.,0.,1.));
#2818=DIRECTION('',(1.,0.,0.));
#2819=DIRECTION('',(0.,-1.,0.));
#2820=DIRECTION('',(0.,0.,-1.));
#2821=DIRECTION('',(1.,0.,0.));
#2822=DIRECTION('',(0.,0.,1.));
#2823=DIRECTION('',(1.,0.,0.));
#2824=DIRECTION('',(0.,0.,1.));
#2825=DIRECTION('',(1.,0.,0.));
#2826=DIRECTION('',(0.,0.,1.));
#2827=DIRECTION('',(1.,0.,0.));
#2828=DIRECTION('',(0.,0.,-1.));
#2829=DIRECTION('',(0.,0.,1.));
#2830=DIRECTION('',(1.,0.,0.));
#2831=DIRECTION('',(0.,0.,1.));
#2832=DIRECTION('',(0.,0.,1.));
#2833=DIRECTION('',(1.,0.,0.));
#2834=DIRECTION('',(0.,0.,1.));
#2835=DIRECTION('',(1.,0.,0.));
#2836=DIRECTION('',(0.,0.,1.));
#2837=DIRECTION('',(1.,0.,0.));
#2838=DIRECTION('',(0.,0.,1.));
#2839=DIRECTION('',(1.,0.,0.));
#2840=DIRECTION('',(0.,0.,1.));
#2841=DIRECTION('',(1.,0.,0.));
#2842=DIRECTION('',(0.,0.,1.));
#2843=DIRECTION('',(1.,0.,0.));
#2844=DIRECTION('',(0.,0.,1.));
#2845=DIRECTION('',(1.,0.,0.));
#2846=DIRECTION('',(0.,0.,1.));
#2847=DIRECTION('',(1.,0.,0.));
#2848=DIRECTION('',(0.,0.,1.));
#2849=DIRECTION('',(1.,0.,0.));
#2850=DIRECTION('',(0.,0.,1.));
#2851=DIRECTION('',(1.,0.,0.));
#2852=DIRECTION('',(0.,0.,1.));
#2853=DIRECTION('',(1.,0.,0.));
#2854=DIRECTION('',(0.,0.,1.));
#2855=DIRECTION('',(1.,0.,0.));
#2856=DIRECTION('',(0.,0.,1.));
#2857=DIRECTION('',(1.,0.,0.));
#2858=DIRECTION('',(0.,0.,1.));
#2859=DIRECTION('',(1.,0.,0.));
#2860=DIRECTION('',(0.,0.,1.));
#2861=DIRECTION('',(1.,0.,0.));
#2862=DIRECTION('',(0.,0.,1.));
#2863=DIRECTION('',(1.,0.,0.));
#2864=DIRECTION('',(0.,0.,1.));
#2865=DIRECTION('',(1.,0.,0.));
#2866=DIRECTION('',(0.,0.,1.));
#2867=DIRECTION('',(1.,0.,0.));
#2868=DIRECTION('',(0.,0.,1.));
#2869=DIRECTION('',(1.,0.,0.));
#2870=DIRECTION('',(0.,0.,1.));
#2871=DIRECTION('',(1.,0.,0.));
#2872=DIRECTION('',(0.,0.,1.));
#2873=DIRECTION('',(1.,0.,0.));
#2874=DIRECTION('',(0.,0.,1.));
#2875=DIRECTION('',(1.,0.,0.));
#2876=DIRECTION('',(0.,0.,1.));
#2877=DIRECTION('',(1.,0.,0.));
#2878=DIRECTION('',(0.,0.,1.));
#2879=DIRECTION('',(1.,0.,0.));
#2880=DIRECTION('',(0.,0.,1.));
#2881=DIRECTION('',(1.,0.,0.));
#2882=DIRECTION('',(0.,0.,1.));
#2883=DIRECTION('',(1.,0.,0.));
#2884=DIRECTION('',(0.,0.,1.));
#2885=DIRECTION('',(1.,0.,0.));
#2886=DIRECTION('',(0.,0.,1.));
#2887=DIRECTION('',(1.,0.,0.));
#2888=DIRECTION('',(0.,0.,1.));
#2889=DIRECTION('',(1.,0.,0.));
#2890=DIRECTION('',(0.,0.,1.));
#2891=DIRECTION('',(1.,0.,0.));
#2892=DIRECTION('',(0.,0.,1.));
#2893=DIRECTION('',(1.,0.,0.));
#2894=DIRECTION('',(0.,0.,1.));
#2895=DIRECTION('',(1.,0.,0.));
#2896=DIRECTION('',(0.,0.,1.));
#2897=DIRECTION('',(1.,0.,0.));
#2898=DIRECTION('',(1.,0.,0.));
#2899=DIRECTION('',(2.96417131783709E-16,-1.,0.));
#2900=DIRECTION('',(1.,4.13029399042096E-16,0.));
#2901=DIRECTION('',(1.85260707364818E-16,-1.,0.));
#2902=DIRECTION('',(0.,0.,1.));
#2903=DIRECTION('',(1.,0.,0.));
#2904=DIRECTION('',(1.79054084721931E-16,-1.,0.));
#2905=DIRECTION('',(0.,0.,1.));
#2906=DIRECTION('',(1.,0.,0.));
#2907=DIRECTION('',(0.,0.,1.));
#2908=DIRECTION('',(1.,0.,0.));
#2909=DIRECTION('',(0.,0.,1.));
#2910=DIRECTION('',(1.,0.,0.));
#2911=DIRECTION('',(1.,8.91888676594759E-17,0.));
#2912=DIRECTION('',(0.,0.,1.));
#2913=DIRECTION('',(1.,0.,0.));
#2914=DIRECTION('',(0.,0.,1.));
#2915=DIRECTION('',(1.,0.,0.));
#2916=DIRECTION('',(0.,0.,1.));
#2917=DIRECTION('',(1.,0.,0.));
#2918=DIRECTION('',(0.,-1.,0.));
#2919=DIRECTION('',(0.,0.,1.));
#2920=DIRECTION('',(1.,0.,0.));
#2921=DIRECTION('',(0.,0.,1.));
#2922=DIRECTION('',(1.,0.,0.));
#2923=DIRECTION('',(0.,0.,1.));
#2924=DIRECTION('',(1.,0.,0.));
#2925=DIRECTION('',(1.,0.,0.));
#2926=DIRECTION('',(0.,0.,1.));
#2927=DIRECTION('',(1.,0.,0.));
#2928=DIRECTION('',(0.,0.,1.));
#2929=DIRECTION('',(1.,0.,0.));
#2930=DIRECTION('',(0.,0.,1.));
#2931=DIRECTION('',(1.,0.,0.));
#2932=DIRECTION('',(0.,0.,1.));
#2933=DIRECTION('',(1.,0.,0.));
#2934=DIRECTION('',(0.,0.,1.));
#2935=DIRECTION('',(1.,0.,0.));
#2936=DIRECTION('',(0.,0.,1.));
#2937=DIRECTION('',(1.,0.,0.));
#2938=DIRECTION('',(0.,0.,1.));
#2939=DIRECTION('',(1.,0.,0.));
#2940=DIRECTION('',(0.,0.,1.));
#2941=DIRECTION('',(1.,0.,0.));
#2942=DIRECTION('',(0.,0.,1.));
#2943=DIRECTION('',(1.,0.,0.));
#2944=DIRECTION('',(0.,0.,1.));
#2945=DIRECTION('',(1.,0.,0.));
#2946=DIRECTION('',(0.,0.,1.));
#2947=DIRECTION('',(1.,0.,0.));
#2948=DIRECTION('',(0.,0.,1.));
#2949=DIRECTION('',(1.,0.,0.));
#2950=DIRECTION('',(0.,0.,1.));
#2951=DIRECTION('',(1.,0.,0.));
#2952=DIRECTION('',(0.,0.,1.));
#2953=DIRECTION('',(1.,0.,0.));
#2954=DIRECTION('',(0.,0.,1.));
#2955=DIRECTION('',(1.,0.,0.));
#2956=DIRECTION('',(0.,0.,1.));
#2957=DIRECTION('',(1.,0.,0.));
#2958=DIRECTION('',(0.,0.,1.));
#2959=DIRECTION('',(1.,0.,0.));
#2960=DIRECTION('',(0.,0.,1.));
#2961=DIRECTION('',(1.,0.,0.));
#2962=DIRECTION('',(0.,0.,-1.));
#2963=DIRECTION('',(-1.,0.,0.));
#2964=DIRECTION('',(0.,0.,-1.));
#2965=DIRECTION('',(0.,0.,1.));
#2966=DIRECTION('',(1.,0.,0.));
#2967=DIRECTION('',(0.,0.,-1.));
#2968=DIRECTION('',(1.,1.79054084721931E-16,0.));
#2969=DIRECTION('',(-1.79054084721931E-16,1.,0.));
#2970=DIRECTION('',(1.79054084721931E-16,-1.,0.));
#2971=DIRECTION('',(0.,0.,-1.));
#2972=DIRECTION('',(0.,0.,-1.));
#2973=DIRECTION('',(-1.,0.,0.));
#2974=DIRECTION('',(0.,0.,1.));
#2975=DIRECTION('',(1.,0.,0.));
#2976=DIRECTION('',(0.,0.,-1.));
#2977=DIRECTION('',(0.,0.,-1.));
#2978=DIRECTION('',(-1.,0.,0.));
#2979=DIRECTION('',(0.,0.,1.));
#2980=DIRECTION('',(1.,0.,0.));
#2981=DIRECTION('',(0.,0.,-1.));
#2982=DIRECTION('',(0.,0.,-1.));
#2983=DIRECTION('',(-1.,0.,0.));
#2984=DIRECTION('',(0.,0.,1.));
#2985=DIRECTION('',(1.,0.,0.));
#2986=DIRECTION('',(0.,0.,-1.));
#2987=DIRECTION('',(-8.91888676594759E-17,1.,0.));
#2988=DIRECTION('',(-1.,-8.91888676594759E-17,0.));
#2989=DIRECTION('',(1.,8.91888676594759E-17,0.));
#2990=DIRECTION('',(0.,0.,-1.));
#2991=DIRECTION('',(0.,0.,-1.));
#2992=DIRECTION('',(-1.,0.,0.));
#2993=DIRECTION('',(0.,0.,1.));
#2994=DIRECTION('',(1.,0.,0.));
#2995=DIRECTION('',(0.,0.,-1.));
#2996=DIRECTION('',(0.,0.,-1.));
#2997=DIRECTION('',(-1.,0.,0.));
#2998=DIRECTION('',(0.,0.,1.));
#2999=DIRECTION('',(1.,0.,0.));
#3000=DIRECTION('',(0.,0.,-1.));
#3001=DIRECTION('',(0.,0.,-1.));
#3002=DIRECTION('',(-1.,0.,0.));
#3003=DIRECTION('',(0.,0.,1.));
#3004=DIRECTION('',(1.,0.,0.));
#3005=DIRECTION('',(0.,0.,-1.));
#3006=DIRECTION('',(1.,0.,0.));
#3007=DIRECTION('',(0.,0.,-1.));
#3008=DIRECTION('',(0.,-1.,0.));
#3009=DIRECTION('',(0.,0.,-1.));
#3010=DIRECTION('',(0.,0.,-1.));
#3011=DIRECTION('',(-1.,0.,0.));
#3012=DIRECTION('',(0.,0.,1.));
#3013=DIRECTION('',(1.,0.,0.));
#3014=DIRECTION('',(0.,0.,-1.));
#3015=DIRECTION('',(0.,0.,-1.));
#3016=DIRECTION('',(-1.,0.,0.));
#3017=DIRECTION('',(0.,0.,1.));
#3018=DIRECTION('',(1.,0.,0.));
#3019=DIRECTION('',(0.,0.,-1.));
#3020=DIRECTION('',(0.,0.,-1.));
#3021=DIRECTION('',(-1.,0.,0.));
#3022=DIRECTION('',(0.,0.,1.));
#3023=DIRECTION('',(1.,0.,0.));
#3024=DIRECTION('',(0.,0.,-1.));
#3025=DIRECTION('',(0.,1.,0.));
#3026=DIRECTION('',(0.,0.,1.));
#3027=DIRECTION('',(1.,0.,0.));
#3028=DIRECTION('',(0.,0.,-1.));
#3029=DIRECTION('',(0.,0.,-1.));
#3030=DIRECTION('',(-1.,0.,0.));
#3031=DIRECTION('',(0.,0.,1.));
#3032=DIRECTION('',(1.,0.,0.));
#3033=DIRECTION('',(0.,0.,-1.));
#3034=DIRECTION('',(0.,0.,-1.));
#3035=DIRECTION('',(-1.,0.,0.));
#3036=DIRECTION('',(0.,0.,1.));
#3037=DIRECTION('',(1.,0.,0.));
#3038=DIRECTION('',(0.,0.,1.));
#3039=DIRECTION('',(1.,0.,0.));
#3040=DIRECTION('',(-1.,-2.96417131783709E-16,0.));
#3041=DIRECTION('',(2.96417131783709E-16,-1.,0.));
#3042=DIRECTION('',(0.,0.,1.));
#3043=DIRECTION('',(2.96417131783709E-16,-1.,0.));
#3044=DIRECTION('',(0.,0.,1.));
#3045=DIRECTION('',(4.13029399042096E-16,-1.,0.));
#3046=DIRECTION('',(1.,4.13029399042096E-16,0.));
#3047=DIRECTION('',(1.,4.13029399042096E-16,0.));
#3048=DIRECTION('',(0.,0.,1.));
#3049=DIRECTION('',(-1.,-1.85260707364818E-16,0.));
#3050=DIRECTION('',(1.85260707364818E-16,-1.,0.));
#3051=DIRECTION('',(1.85260707364818E-16,-1.,0.));
#3052=DIRECTION('',(0.,0.,1.));
#3053=DIRECTION('',(0.,-1.,0.));
#3054=DIRECTION('',(0.,0.,-1.));
#3055=DIRECTION('',(1.,0.,0.));
#3056=DIRECTION('',(0.,0.,-1.));
#3057=DIRECTION('',(-1.,0.,0.));
#3058=DIRECTION('',(0.,0.,1.));
#3059=DIRECTION('',(1.,0.,0.));
#3060=DIRECTION('',(0.,0.,1.));
#3061=DIRECTION('',(1.,0.,0.));
#3062=DIRECTION('',(0.,0.,-1.));
#3063=DIRECTION('',(-1.,0.,0.));
#3064=DIRECTION('',(0.,0.,1.));
#3065=DIRECTION('',(1.,0.,0.));
#3066=DIRECTION('',(0.,0.,1.));
#3067=DIRECTION('',(1.,0.,0.));
#3068=DIRECTION('',(-4.13029399042096E-16,1.,0.));
#3069=DIRECTION('',(-1.,-4.13029399042096E-16,0.));
#3070=DIRECTION('',(1.,4.13029399042096E-16,0.));
#3071=DIRECTION('',(0.,0.,1.));
#3072=DIRECTION('',(1.,0.,0.));
#3073=DIRECTION('',(1.,0.,0.));
#3074=DIRECTION('',(1.,0.,0.));
#3075=DIRECTION('',(1.,0.,0.));
#3076=DIRECTION('',(0.,0.,1.));
#3077=DIRECTION('',(1.,0.,0.));
#3078=DIRECTION('',(0.,0.,1.));
#3079=DIRECTION('',(1.,0.,0.));
#3080=DIRECTION('',(0.,0.,-1.));
#3081=DIRECTION('',(-1.,0.,0.));
#3082=DIRECTION('',(0.,0.,1.));
#3083=DIRECTION('',(1.,0.,0.));
#3084=DIRECTION('',(0.,0.,1.));
#3085=DIRECTION('',(1.,0.,0.));
#3086=DIRECTION('',(0.,0.,-1.));
#3087=DIRECTION('',(-1.,0.,0.));
#3088=DIRECTION('',(0.,0.,1.));
#3089=DIRECTION('',(1.,0.,0.));
#3090=DIRECTION('',(0.,0.,1.));
#3091=DIRECTION('',(1.,0.,0.));
#3092=DIRECTION('',(0.,1.,0.));
#3093=DIRECTION('',(0.,0.,1.));
#3094=DIRECTION('',(1.,0.,0.));
#3095=DIRECTION('',(0.,0.832050294337843,-0.55470019622523));
#3096=DIRECTION('',(-1.,0.,0.));
#3097=DIRECTION('',(0.,0.832050294337843,-0.55470019622523));
#3098=DIRECTION('',(-1.,0.,0.));
#3099=DIRECTION('',(-1.110223024625E-16,1.72896027505994E-16,1.));
#3100=DIRECTION('',(0.,-1.,1.72896027505994E-16));
#3101=DIRECTION('',(1.,-1.110223024625E-16,1.110223024625E-16));
#3102=DIRECTION('',(0.,1.,-1.72896027505994E-16));
#3103=DIRECTION('',(1.,-1.110223024625E-16,1.110223024625E-16));
#3104=DIRECTION('',(-1.110223024625E-16,-1.,-1.34743233049461E-32));
#3105=DIRECTION('',(1.,-1.110223024625E-16,0.));
#3106=DIRECTION('',(0.,1.34743233049461E-32,-1.));
#3107=DIRECTION('',(1.,-1.110223024625E-16,1.110223024625E-16));
#3108=DIRECTION('',(-1.110223024625E-16,1.8730402979816E-16,1.));
#3109=DIRECTION('',(0.,-1.,1.8730402979816E-16));
#3110=DIRECTION('',(0.,-1.,1.8730402979816E-16));
#3111=DIRECTION('',(1.,-1.110223024625E-16,1.110223024625E-16));
#3112=DIRECTION('',(-1.110223024625E-16,-1.,-1.34743233049461E-32));
#3113=DIRECTION('',(1.,-1.110223024625E-16,0.));
#3114=DIRECTION('',(0.,-1.34743233049461E-32,1.));
#3115=DIRECTION('',(1.,-1.110223024625E-16,1.110223024625E-16));
#3116=DIRECTION('',(1.110223024625E-16,0.,-1.));
#3117=DIRECTION('',(-2.07089241331931E-32,-1.86529406019011E-16,1.));
#3118=DIRECTION('',(0.,-1.,-1.86529406019011E-16));
#3119=DIRECTION('',(-1.,1.110223024625E-16,0.));
#3120=DIRECTION('',(0.,-1.,-1.86529406019011E-16));
#3121=DIRECTION('',(-1.,1.110223024625E-16,0.));
#3122=DIRECTION('',(1.110223024625E-16,1.,0.));
#3123=DIRECTION('',(-1.,1.110223024625E-16,0.));
#3124=DIRECTION('',(0.,0.,-1.));
#3125=DIRECTION('',(-1.,1.110223024625E-16,0.));
#3126=DIRECTION('',(-1.03544620665966E-32,-9.32647030095057E-17,1.));
#3127=DIRECTION('',(0.,-1.,-9.32647030095057E-17));
#3128=DIRECTION('',(0.,1.,9.32647030095057E-17));
#3129=DIRECTION('',(-1.,1.110223024625E-16,0.));
#3130=DIRECTION('',(1.110223024625E-16,1.,0.));
#3131=DIRECTION('',(-1.,1.110223024625E-16,0.));
#3132=DIRECTION('',(0.,0.,1.));
#3133=DIRECTION('',(-9.13629005876168E-33,-8.22923850083874E-17,1.));
#3134=DIRECTION('',(0.,-1.,-8.22923850083874E-17));
#3135=DIRECTION('',(-1.,1.110223024625E-16,1.3684555315672E-48));
#3136=DIRECTION('',(-1.,1.110223024625E-16,1.3684555315672E-48));
#3137=DIRECTION('',(1.110223024625E-16,1.,0.));
#3138=DIRECTION('',(-1.,1.110223024625E-16,0.));
#3139=DIRECTION('',(-1.,1.110223024625E-16,0.));
#3140=DIRECTION('',(-1.,1.110223024625E-16,1.3684555315672E-48));
#3141=DIRECTION('',(-1.37044350881425E-32,-1.23438577512581E-16,1.));
#3142=DIRECTION('',(0.,-1.,-1.23438577512581E-16));
#3143=DIRECTION('',(-1.,1.110223024625E-16,0.));
#3144=DIRECTION('',(-1.,1.110223024625E-16,0.));
#3145=DIRECTION('',(1.110223024625E-16,1.,0.));
#3146=DIRECTION('',(-1.,1.110223024625E-16,0.));
#3147=DIRECTION('',(-1.,1.110223024625E-16,0.));
#3148=DIRECTION('',(-1.,1.110223024625E-16,1.3684555315672E-48));
#3149=DIRECTION('',(1.,-1.110223024625E-16,0.));
#3150=DIRECTION('',(1.110223024625E-16,1.,0.));
#3151=DIRECTION('',(-1.,1.110223024625E-16,0.));
#3152=DIRECTION('',(-1.110223024625E-16,-1.,0.));
#3153=DIRECTION('',(1.,-1.110223024625E-16,-1.3684555315672E-48));
#3154=DIRECTION('',(1.110223024625E-16,1.,0.));
#3155=DIRECTION('',(-1.,1.110223024625E-16,1.3684555315672E-48));
#3156=DIRECTION('',(-1.110223024625E-16,-1.,0.));
#3157=DIRECTION('',(0.707106781186548,0.707106781186548,0.));
#3158=DIRECTION('',(0.,0.,1.));
#3159=DIRECTION('',(0.577350269189626,-0.577350269189626,-0.577350269189625));
#3160=DIRECTION('',(-0.577350269189626,0.577350269189626,-0.577350269189625));
#3161=DIRECTION('',(-0.707106781186547,-1.31896207886742E-16,0.707106781186548));
#3162=DIRECTION('',(0.,1.,1.86529406019011E-16));
#3163=DIRECTION('',(0.577350269189626,0.577350269189626,0.577350269189625));
#3164=DIRECTION('',(0.707106781186547,-6.5948103943371E-17,0.707106781186548));
#3165=DIRECTION('',(0.,-1.,-9.32647030095057E-17));
#3166=DIRECTION('',(0.577350269189626,0.577350269189626,-0.577350269189625));
#3167=DIRECTION('',(-0.707106781186548,0.707106781186548,0.));
#3168=DIRECTION('',(0.,0.,-1.));
#3169=DIRECTION('',(0.,-1.,0.));
#3170=DIRECTION('',(0.,0.,-1.));
#3171=DIRECTION('',(-5.20417042793043E-15,-1.,0.));
#3172=DIRECTION('',(1.,-5.20417042793043E-15,0.));
#3173=DIRECTION('',(0.,0.,1.));
#3174=DIRECTION('',(1.,0.,0.));
#3175=DIRECTION('',(-1.,0.,-1.73472347597681E-15));
#3176=DIRECTION('',(-1.73472347597681E-15,0.,1.));
#3177=DIRECTION('',(0.,0.,1.));
#3178=DIRECTION('',(1.,0.,0.));
#3179=DIRECTION('',(0.,0.,-1.));
#3180=DIRECTION('',(-1.,0.,0.));
#3181=DIRECTION('',(1.,1.35349035836942E-16,0.));
#3182=DIRECTION('',(-1.35349035836942E-16,1.,0.));
#3183=DIRECTION('',(1.,0.,0.));
#3184=DIRECTION('',(0.,0.,-1.));
#3185=DIRECTION('',(0.,-1.,0.));
#3186=DIRECTION('',(0.,0.,-1.));
#3187=DIRECTION('',(0.,-0.881674598767944,-0.471857925532024));
#3188=DIRECTION('',(0.,0.471857925532024,-0.881674598767944));
#3189=DIRECTION('',(-1.,8.67361737988404E-15,0.));
#3190=DIRECTION('',(-8.67361737988404E-15,-1.,0.));
#3191=DIRECTION('',(-1.,0.,0.));
#3192=DIRECTION('',(0.,0.,1.));
#3193=DIRECTION('',(0.,-1.,8.67361737988403E-15));
#3194=DIRECTION('',(0.,-8.67361737988403E-15,-1.));
#3195=DIRECTION('',(0.,-1.,0.));
#3196=DIRECTION('',(0.,0.,-1.));
#3197=DIRECTION('',(0.,-1.,3.46944695195361E-15));
#3198=DIRECTION('',(0.,-3.46944695195361E-15,-1.));
#3199=DIRECTION('',(0.,0.,1.));
#3200=DIRECTION('',(1.,0.,0.));
#3201=DIRECTION('',(0.,-0.554700196225229,-0.832050294337844));
#3202=DIRECTION('',(0.,0.832050294337844,-0.554700196225229));
#3203=DIRECTION('',(0.,-0.881674598767944,-0.471857925532024));
#3204=DIRECTION('',(0.,0.471857925532024,-0.881674598767944));
#3205=DIRECTION('',(0.,1.,0.));
#3206=DIRECTION('',(0.,0.,1.));
#3207=DIRECTION('',(0.,1.,0.));
#3208=DIRECTION('',(0.,0.,1.));
#3209=DIRECTION('',(-1.,-1.35349035836942E-16,0.));
#3210=DIRECTION('',(1.35349035836942E-16,-1.,0.));
#3211=DIRECTION('',(1.,0.,0.));
#3212=DIRECTION('',(0.,0.,-1.));
#3213=DIRECTION('',(0.,0.,-1.));
#3214=DIRECTION('',(-1.,0.,0.));
#3215=DIRECTION('',(0.,0.,-1.));
#3216=DIRECTION('',(-1.,0.,0.));
#3217=DIRECTION('',(0.,1.,0.));
#3218=DIRECTION('',(0.,0.,1.));
#3219=DIRECTION('',(0.,0.881674598767944,0.471857925532024));
#3220=DIRECTION('',(0.,0.471857925532024,-0.881674598767944));
#3221=DIRECTION('',(0.,-1.,0.));
#3222=DIRECTION('',(0.,0.,-1.));
#3223=DIRECTION('',(0.,1.,0.));
#3224=DIRECTION('',(0.,0.,1.));
#3225=DIRECTION('',(0.,0.,-1.));
#3226=DIRECTION('',(-1.,0.,0.));
#3227=DIRECTION('',(0.,0.,-1.));
#3228=DIRECTION('',(-1.,0.,0.));
#3229=DIRECTION('',(0.,0.,1.));
#3230=DIRECTION('',(1.,0.,0.));
#3231=DIRECTION('',(-1.,0.,0.));
#3232=DIRECTION('',(0.,0.,1.));
#3233=DIRECTION('',(-1.,0.,-1.73472347597681E-15));
#3234=DIRECTION('',(-1.73472347597681E-15,0.,1.));
#3235=DIRECTION('',(0.,-1.,0.));
#3236=DIRECTION('',(0.,0.,-1.));
#3237=DIRECTION('',(0.,-1.,0.));
#3238=DIRECTION('',(0.,0.,-1.));
#3239=DIRECTION('',(0.,-0.554700196225229,-0.832050294337844));
#3240=DIRECTION('',(0.,0.832050294337844,-0.554700196225229));
#3241=DIRECTION('',(0.,0.881674598767944,0.471857925532024));
#3242=DIRECTION('',(0.,0.471857925532024,-0.881674598767944));
#3243=DIRECTION('',(-1.,0.,0.));
#3244=DIRECTION('',(0.,0.,1.));
#3245=DIRECTION('',(-1.,0.,0.));
#3246=DIRECTION('',(0.,0.,1.));
#3247=DIRECTION('',(1.,0.,0.));
#3248=DIRECTION('',(0.,0.,-1.));
#3249=DIRECTION('',(1.,0.,0.));
#3250=DIRECTION('',(0.,0.,-1.));
#3251=DIRECTION('',(0.,-1.,0.));
#3252=DIRECTION('',(0.,0.,-1.));
#3253=DIRECTION('',(0.,1.,0.));
#3254=DIRECTION('',(0.,0.,1.));
#3255=DIRECTION('',(0.,1.,0.));
#3256=DIRECTION('',(0.,0.,1.));
#3257=DIRECTION('',(0.,1.,0.));
#3258=DIRECTION('',(0.,0.,1.));
#3259=DIRECTION('',(-1.,0.,0.));
#3260=DIRECTION('',(0.,0.,1.));
#3261=DIRECTION('',(1.,0.,0.));
#3262=DIRECTION('',(0.,0.,-1.));
#3263=DIRECTION('',(0.,0.,-1.));
#3264=DIRECTION('',(-1.,0.,0.));
#3265=DIRECTION('',(0.,0.,-1.));
#3266=DIRECTION('',(-1.,0.,0.));
#3267=DIRECTION('',(0.,0.,1.));
#3268=DIRECTION('',(1.,0.,0.));
#3269=DIRECTION('',(0.,0.,1.));
#3270=DIRECTION('',(1.,0.,0.));
#3271=DIRECTION('',(0.,0.,1.));
#3272=DIRECTION('',(1.,0.,0.));
#3273=DIRECTION('',(0.707106781186547,0.707106781186548,9.52778538082733E-33));
#3274=DIRECTION('',(0.,-1.34743233049461E-32,1.));
#3275=DIRECTION('',(-0.577350269189626,0.577350269189625,0.577350269189626));
#3276=DIRECTION('',(0.577350269189626,-0.577350269189625,0.577350269189626));
#3277=DIRECTION('',(0.707106781186547,-1.32443949613846E-16,-0.707106781186548));
#3278=DIRECTION('',(0.,1.,-1.8730402979816E-16));
#3279=DIRECTION('',(-0.577350269189624,-0.57735026918963,-0.577350269189624));
#3280=DIRECTION('',(-0.707106781186548,-1.22255953489704E-16,-0.707106781186548));
#3281=DIRECTION('',(0.,-1.,1.72896027505994E-16));
#3282=DIRECTION('',(-0.577350269189624,-0.577350269189629,0.577350269189624));
#3283=DIRECTION('',(-0.707106781186551,0.707106781186544,9.52778538082728E-33));
#3284=DIRECTION('',(0.,1.34743233049461E-32,-1.));
#3285=CARTESIAN_POINT('',(0.,0.,0.));
#3286=CARTESIAN_POINT('',(-0.003,0.0609907798171044,-0.007));
#3287=CARTESIAN_POINT('',(-0.003,0.035875,0.004875));
#3288=CARTESIAN_POINT('',(-0.003,0.051925,0.004875));
#3289=CARTESIAN_POINT('',(-0.003,0.034875,0.004875));
#3290=CARTESIAN_POINT('',(-0.003,0.034875,0.001195));
#3291=CARTESIAN_POINT('',(-0.003,0.034875,0.000195));
#3292=CARTESIAN_POINT('',(-0.003,0.0609907798171044,0.000194999999999994));
#3293=CARTESIAN_POINT('',(-0.003,0.051925,0.000194999999999996));
#3294=CARTESIAN_POINT('',(-0.003,0.051925,-0.007));
#3295=CARTESIAN_POINT('',(-0.003,0.086,-0.0162));
#3296=CARTESIAN_POINT('',(-0.003,0.086,0.014));
#3297=CARTESIAN_POINT('',(-0.003,0.086,-0.0152));
#3298=CARTESIAN_POINT('',(-0.003,-0.012,-0.0152));
#3299=CARTESIAN_POINT('',(-0.003,-0.011,-0.0152));
#3300=CARTESIAN_POINT('',(-0.003,-0.011,-0.007));
#3301=CARTESIAN_POINT('',(-0.003,-0.011,0.011));
#3302=CARTESIAN_POINT('',(-0.003,0.0609907798171044,0.011));
#3303=CARTESIAN_POINT('',(-0.003,0.0335167433926968,0.011));
#3304=CARTESIAN_POINT('',(-0.003,0.033662600754053,0.0112187860420343));
#3305=CARTESIAN_POINT('',(-0.003,0.0355167433926968,0.014));
#3306=CARTESIAN_POINT('',(-0.003,0.0609907798171044,0.014));
#3307=CARTESIAN_POINT('',(-0.003,0.0572,0.004095));
#3308=CARTESIAN_POINT('',(-0.003,0.0572,0.007695));
#3309=CARTESIAN_POINT('',(-0.001,0.0549636068170951,-0.002));
#3310=CARTESIAN_POINT('',(-0.001,0.035875,-0.002));
#3311=CARTESIAN_POINT('',(-0.001,0.035875,0.001195));
#3312=CARTESIAN_POINT('',(-0.001,0.035875,0.003875));
#3313=CARTESIAN_POINT('',(-0.001,0.0549636068170951,0.003875));
#3314=CARTESIAN_POINT('',(-0.001,0.050925,0.003875));
#3315=CARTESIAN_POINT('',(-0.001,0.050925,-0.002));
#3316=CARTESIAN_POINT('',(-0.001,0.050925,0.001195));
#3317=CARTESIAN_POINT('',(-0.001,0.0549636068170951,0.001195));
#3318=CARTESIAN_POINT('',(-0.001,0.0549636068170951,0.013));
#3319=CARTESIAN_POINT('',(-0.001,0.0749456539999815,0.013));
#3320=CARTESIAN_POINT('',(-0.001,0.0349815596342088,0.013));
#3321=CARTESIAN_POINT('',(-0.001,0.0329815596342087,0.01));
#3322=CARTESIAN_POINT('',(-0.001,0.0329815596342087,0.01));
#3323=CARTESIAN_POINT('',(-0.001,0.0164907798171044,0.01));
#3324=CARTESIAN_POINT('',(-0.001,6.93889390390723E-18,0.01));
#3325=CARTESIAN_POINT('',(-0.001,6.93889390390723E-18,-0.002));
#3326=CARTESIAN_POINT('',(-0.001,6.93889390390723E-18,-0.002));
#3327=CARTESIAN_POINT('',(-0.001,0.0549636068170951,-0.002));
#3328=CARTESIAN_POINT('',(-0.001,0.0749456539999815,-0.002));
#3329=CARTESIAN_POINT('',(-0.001,0.0749456539999815,-0.002));
#3330=CARTESIAN_POINT('',(-0.001,0.0572,0.004095));
#3331=CARTESIAN_POINT('',(-0.000999999999999999,0.0536,0.004095));
#3332=CARTESIAN_POINT('',(0.0729,0.0130907798171044,0.012));
#3333=CARTESIAN_POINT('',(0.0729,0.0583907798171044,0.013));
#3334=CARTESIAN_POINT('',(0.0729,0.086,0.013));
#3335=CARTESIAN_POINT('',(0.0729,0.0349815596342088,0.013));
#3336=CARTESIAN_POINT('',(0.0729,0.0277843966135612,0.00220425546902875));
#3337=CARTESIAN_POINT('',(0.0729,0.0329815596342087,0.01));
#3338=CARTESIAN_POINT('',(0.0729,0.0130907798171044,0.01));
#3339=CARTESIAN_POINT('',(0.0729,-0.011,0.01));
#3340=CARTESIAN_POINT('',(0.0729,-0.011,0.012));
#3341=CARTESIAN_POINT('',(0.0729,-0.011,0.012));
#3342=CARTESIAN_POINT('',(0.0729,0.0130907798171044,0.012));
#3343=CARTESIAN_POINT('',(0.0729,0.0329815596342087,0.012));
#3344=CARTESIAN_POINT('',(0.0729,0.0329815596342087,0.012));
#3345=CARTESIAN_POINT('',(0.0729,0.0349815596342088,0.015));
#3346=CARTESIAN_POINT('',(0.0729,0.0583907798171044,0.015));
#3347=CARTESIAN_POINT('',(0.0729,0.086,0.015));
#3348=CARTESIAN_POINT('',(0.0729,0.086,0.015));
#3349=CARTESIAN_POINT('',(-0.002,-0.0089,0.012));
#3350=CARTESIAN_POINT('',(-0.002,-0.0089,0.01));
#3351=CARTESIAN_POINT('',(-0.002,0.0329815596342087,0.01));
#3352=CARTESIAN_POINT('',(-0.002,-0.011,0.01));
#3353=CARTESIAN_POINT('',(-0.002,0.0329815596342087,0.01));
#3354=CARTESIAN_POINT('',(-0.002,0.0349815596342088,0.013));
#3355=CARTESIAN_POINT('',(-0.002,0.0583907798171044,0.013));
#3356=CARTESIAN_POINT('',(-0.002,0.086,0.013));
#3357=CARTESIAN_POINT('',(-0.002,0.086,0.015));
#3358=CARTESIAN_POINT('',(-0.002,0.086,0.015));
#3359=CARTESIAN_POINT('',(-0.002,0.0583907798171044,0.015));
#3360=CARTESIAN_POINT('',(-0.002,0.0349815596342088,0.015));
#3361=CARTESIAN_POINT('',(-0.002,0.0200949259006061,-0.00732995060040404));
#3362=CARTESIAN_POINT('',(-0.002,0.0329815596342087,0.012));
#3363=CARTESIAN_POINT('',(-0.002,-0.0089,0.012));
#3364=CARTESIAN_POINT('',(-0.002,-0.011,0.012));
#3365=CARTESIAN_POINT('',(-0.002,-0.011,0.012));
#3366=CARTESIAN_POINT('',(0.03545,0.0375,0.01));
#3367=CARTESIAN_POINT('',(0.0022,-0.0068,0.01));
#3368=CARTESIAN_POINT('',(0.005,-0.0068,0.01));
#3369=CARTESIAN_POINT('',(0.0687,-0.0068,0.01));
#3370=CARTESIAN_POINT('',(0.0715,-0.0068,0.01));
#3371=CARTESIAN_POINT('',(-0.0015,0.0329815596342087,0.01));
#3372=CARTESIAN_POINT('',(0.0708,-0.011,0.01));
#3373=CARTESIAN_POINT('',(0.0734,0.0329815596342087,0.01));
#3374=CARTESIAN_POINT('',(0.0719,0.0329815596342087,0.01));
#3375=CARTESIAN_POINT('',(0.0719,0.0164907798171045,0.01));
#3376=CARTESIAN_POINT('',(0.0719,1.38777878078145E-16,0.01));
#3377=CARTESIAN_POINT('',(0.0689256552363356,0.000391501247587031,0.01));
#3378=CARTESIAN_POINT('',(0.0687,-0.0026,0.01));
#3379=CARTESIAN_POINT('',(0.0687,-0.0068,0.01));
#3380=CARTESIAN_POINT('',(0.0645,-0.00679999999999957,0.01));
#3381=CARTESIAN_POINT('',(0.0615084987524,-0.007025655236336,0.01));
#3382=CARTESIAN_POINT('',(0.0619,-0.01,0.01));
#3383=CARTESIAN_POINT('',(0.052175,-0.01,0.01));
#3384=CARTESIAN_POINT('',(0.009,-0.01,0.01));
#3385=CARTESIAN_POINT('',(0.00939150124758675,-0.00702565523633558,0.01));
#3386=CARTESIAN_POINT('',(0.0064,-0.0068,0.01));
#3387=CARTESIAN_POINT('',(0.0022,-0.0068,0.01));
#3388=CARTESIAN_POINT('',(0.00220000000000003,-0.0026,0.01));
#3389=CARTESIAN_POINT('',(0.0019743447636644,0.000391501247587077,0.01));
#3390=CARTESIAN_POINT('',(0.0625,0.0114745454169735,-0.007));
#3391=CARTESIAN_POINT('',(0.0625,0.01145,-0.007));
#3392=CARTESIAN_POINT('',(0.0625,0.01145,-0.0068));
#3393=CARTESIAN_POINT('',(0.0625,0.01145,0.));
#3394=CARTESIAN_POINT('',(0.0625,0.0114745454169735,-0.0068));
#3395=CARTESIAN_POINT('',(0.0625,0.02085,-0.0068));
#3396=CARTESIAN_POINT('',(0.0625,0.02085,-0.007));
#3397=CARTESIAN_POINT('',(0.0625,0.02085,-0.002));
#3398=CARTESIAN_POINT('',(0.0625,0.0161745454169735,-0.002));
#3399=CARTESIAN_POINT('',(0.0625,0.011499090833947,-0.002));
#3400=CARTESIAN_POINT('',(0.0625,0.011499090833947,-0.002));
#3401=CARTESIAN_POINT('',(0.0625,0.011499090833947,0.));
#3402=CARTESIAN_POINT('',(0.0625,0.0114745454169735,0.));
#3403=CARTESIAN_POINT('',(0.066375,0.02085,-0.007));
#3404=CARTESIAN_POINT('',(0.066375,0.02085,-0.0068));
#3405=CARTESIAN_POINT('',(0.07025,0.02085,-0.0068));
#3406=CARTESIAN_POINT('',(0.07025,0.02085,-0.007));
#3407=CARTESIAN_POINT('',(0.07025,0.02085,-0.002));
#3408=CARTESIAN_POINT('',(0.066375,0.02085,-0.002));
#3409=CARTESIAN_POINT('',(0.07025,0.01615,-0.007));
#3410=CARTESIAN_POINT('',(0.07025,0.01615,-0.0068));
#3411=CARTESIAN_POINT('',(0.07025,0.01145,-0.0068));
#3412=CARTESIAN_POINT('',(0.07025,0.01145,-0.007));
#3413=CARTESIAN_POINT('',(0.07025,0.01145,-0.002));
#3414=CARTESIAN_POINT('',(0.07025,0.01615,-0.002));
#3415=CARTESIAN_POINT('',(0.064954741009133,0.01145,-0.007));
#3416=CARTESIAN_POINT('',(0.064954741009133,0.01145,-0.0068));
#3417=CARTESIAN_POINT('',(0.064954741009133,0.01145,0.));
#3418=CARTESIAN_POINT('',(0.0674094820182659,0.01145,0.));
#3419=CARTESIAN_POINT('',(0.0674094820182659,0.01145,-0.002));
#3420=CARTESIAN_POINT('',(0.0674094820182659,0.01145,-0.002));
#3421=CARTESIAN_POINT('',(0.068829741009133,0.01145,-0.002));
#3422=CARTESIAN_POINT('',(0.03545,0.0375,0.));
#3423=CARTESIAN_POINT('',(0.0649,0.006,0.));
#3424=CARTESIAN_POINT('',(0.0677,0.006,0.));
#3425=CARTESIAN_POINT('',(0.0649,0.006,0.));
#3426=CARTESIAN_POINT('',(0.03545,-0.012,-0.007));
#3427=CARTESIAN_POINT('',(-0.002,-0.012,-0.007));
#3428=CARTESIAN_POINT('',(-0.002,-0.012,0.011));
#3429=CARTESIAN_POINT('',(-0.002,-0.012,-0.0152));
#3430=CARTESIAN_POINT('',(0.0739,-0.012,-0.0152));
#3431=CARTESIAN_POINT('',(0.0729,-0.012,-0.0152));
#3432=CARTESIAN_POINT('',(0.0729,-0.012,0.012));
#3433=CARTESIAN_POINT('',(0.0729,-0.012,0.011));
#3434=CARTESIAN_POINT('',(0.03545,-0.012,0.011));
#3435=CARTESIAN_POINT('',(0.0739,0.0609907798171044,-0.007));
#3436=CARTESIAN_POINT('',(0.0739,-0.011,-0.0162));
#3437=CARTESIAN_POINT('',(0.0739,-0.011,0.011));
#3438=CARTESIAN_POINT('',(0.0739,-0.011,-0.0152));
#3439=CARTESIAN_POINT('',(0.0739,0.0609907798171044,-0.0152));
#3440=CARTESIAN_POINT('',(0.0739,0.086,-0.0152));
#3441=CARTESIAN_POINT('',(0.0739,0.086,-0.007));
#3442=CARTESIAN_POINT('',(0.0739,0.086,0.014));
#3443=CARTESIAN_POINT('',(0.0739,0.0349815596342088,0.014));
#3444=CARTESIAN_POINT('',(0.0739,0.0355167433926968,0.014));
#3445=CARTESIAN_POINT('',(0.0739,0.0338136099285466,0.0114452998037748));
#3446=CARTESIAN_POINT('',(0.0739,0.0335167433926968,0.011));
#3447=CARTESIAN_POINT('',(0.0739,-0.012,0.011));
#3448=CARTESIAN_POINT('',(0.0739,0.0609907798171044,0.006495));
#3449=CARTESIAN_POINT('',(0.0739,0.01955,0.006495));
#3450=CARTESIAN_POINT('',(0.0739,0.03085,0.006495));
#3451=CARTESIAN_POINT('',(0.0739,0.03085,-0.007));
#3452=CARTESIAN_POINT('',(0.0739,0.03085,0.001195));
#3453=CARTESIAN_POINT('',(0.0739,0.02055,0.001195));
#3454=CARTESIAN_POINT('',(0.0739,0.01955,0.001195));
#3455=CARTESIAN_POINT('',(0.0739,0.01955,0.005495));
#3456=CARTESIAN_POINT('',(0.0739,0.04966,-0.007));
#3457=CARTESIAN_POINT('',(0.0739,0.04966,0.00503232972695241));
#3458=CARTESIAN_POINT('',(0.0739,0.04966,0.00201767027304759));
#3459=CARTESIAN_POINT('',(0.0739,0.0511326702730476,0.00503232972695241));
#3460=CARTESIAN_POINT('',(0.0739,0.0511326702730476,0.006505));
#3461=CARTESIAN_POINT('',(0.0739,0.0609907798171044,0.006505));
#3462=CARTESIAN_POINT('',(0.0739,0.0587273297269524,0.006505));
#3463=CARTESIAN_POINT('',(0.0739,0.0587273297269524,0.00503232972695241));
#3464=CARTESIAN_POINT('',(0.0739,0.0602,0.00503232972695241));
#3465=CARTESIAN_POINT('',(0.0739,0.0602,-0.007));
#3466=CARTESIAN_POINT('',(0.0739,0.0602,0.00201767027304759));
#3467=CARTESIAN_POINT('',(0.0739,0.0587273297269524,0.00201767027304759));
#3468=CARTESIAN_POINT('',(0.0739,0.0587273297269524,0.000545));
#3469=CARTESIAN_POINT('',(0.0739,0.0609907798171044,0.000545));
#3470=CARTESIAN_POINT('',(0.0739,0.0511326702730476,0.000545));
#3471=CARTESIAN_POINT('',(0.0739,0.0511326702730476,0.00201767027304759));
#3472=CARTESIAN_POINT('',(0.03545,0.087,-0.007));
#3473=CARTESIAN_POINT('',(0.0729,0.087,-0.007));
#3474=CARTESIAN_POINT('',(0.0729,0.087,0.014));
#3475=CARTESIAN_POINT('',(0.0729,0.087,-0.0152));
#3476=CARTESIAN_POINT('',(0.03545,0.087,-0.0152));
#3477=CARTESIAN_POINT('',(-0.002,0.087,-0.0152));
#3478=CARTESIAN_POINT('',(-0.002,0.087,0.015));
#3479=CARTESIAN_POINT('',(-0.002,0.087,0.014));
#3480=CARTESIAN_POINT('',(0.0739,0.087,0.014));
#3481=CARTESIAN_POINT('',(0.0649,0.006,-0.002));
#3482=CARTESIAN_POINT('',(0.0649,0.006,-0.002));
#3483=CARTESIAN_POINT('',(0.00198093871577338,0.0746080086641581,-0.002));
#3484=CARTESIAN_POINT('',(0.00194438106085881,0.0776077859121996,-0.002));
#3485=CARTESIAN_POINT('',(0.00194438106085881,0.0776077859121996,-0.002));
#3486=CARTESIAN_POINT('',(0.00194438106087407,0.0776077859121998,0.));
#3487=CARTESIAN_POINT('',(0.00198093871577345,0.0746080086641564,0.));
#3488=CARTESIAN_POINT('',(0.00219999999999968,0.0776,0.));
#3489=CARTESIAN_POINT('',(0.00219999999999968,0.0776,0.013));
#3490=CARTESIAN_POINT('',(0.00219999999999968,0.0776,0.013));
#3491=CARTESIAN_POINT('',(0.00198093871577345,0.0746080086641564,0.013));
#3492=CARTESIAN_POINT('',(0.00198093871577338,0.0746080086641581,-0.002));
#3493=CARTESIAN_POINT('',(0.00197434476366441,0.000391501247586951,-0.002));
#3494=CARTESIAN_POINT('',(0.00220000000000003,-0.0026,0.01));
#3495=CARTESIAN_POINT('',(0.00219999919163035,-0.00259986212625691,0.));
#3496=CARTESIAN_POINT('',(0.0019743447636644,0.000391501247587077,0.));
#3497=CARTESIAN_POINT('',(0.00193668261445616,-0.00260839140719171,0.));
#3498=CARTESIAN_POINT('',(0.0019366836940728,-0.00260826235040493,-0.002));
#3499=CARTESIAN_POINT('',(0.0019366836940728,-0.00260826235040493,-0.002));
#3500=CARTESIAN_POINT('',(0.00197434476366441,0.000391501247586951,-0.002));
#3501=CARTESIAN_POINT('',(0.00220000000000003,-0.00680000000000038,-0.002));
#3502=CARTESIAN_POINT('',(0.00220000000000003,-0.00680000000000038,0.));
#3503=CARTESIAN_POINT('',(0.00639173764959508,-0.00706331630592722,0.));
#3504=CARTESIAN_POINT('',(0.00640013188736203,-0.00680000073531868,0.));
#3505=CARTESIAN_POINT('',(0.00639173764959508,-0.00706331630592722,-0.002));
#3506=CARTESIAN_POINT('',(0.00639173764959508,-0.00706331630592722,-0.002));
#3507=CARTESIAN_POINT('',(0.00220000000000003,-0.00680000000000038,-0.002));
#3508=CARTESIAN_POINT('',(0.0064,-0.0068,0.01));
#3509=CARTESIAN_POINT('',(0.00939150124758696,-0.0070256552363356,-0.002));
#3510=CARTESIAN_POINT('',(0.009,-0.01,-0.002));
#3511=CARTESIAN_POINT('',(0.009,-0.01,-0.002));
#3512=CARTESIAN_POINT('',(0.00939150124758696,-0.0070256552363356,-0.002));
#3513=CARTESIAN_POINT('',(0.018725,-0.01,-0.002));
#3514=CARTESIAN_POINT('',(0.0619,-0.01,-0.002));
#3515=CARTESIAN_POINT('',(0.0619,-0.01,-0.002));
#3516=CARTESIAN_POINT('',(0.018725,-0.01,-0.002));
#3517=CARTESIAN_POINT('',(0.0615084987524131,-0.00702565523633559,-0.002));
#3518=CARTESIAN_POINT('',(0.0645,-0.00679999999999957,0.01));
#3519=CARTESIAN_POINT('',(0.0644998621262568,-0.00680000080836924,0.));
#3520=CARTESIAN_POINT('',(0.0615084987524,-0.007025655236336,0.));
#3521=CARTESIAN_POINT('',(0.0645083914071916,-0.00706331738554429,0.));
#3522=CARTESIAN_POINT('',(0.064508262350405,-0.00706331630592766,-0.002));
#3523=CARTESIAN_POINT('',(0.064508262350405,-0.00706331630592766,-0.002));
#3524=CARTESIAN_POINT('',(0.0615084987524131,-0.00702565523633559,-0.002));
#3525=CARTESIAN_POINT('',(0.0687000000000084,-0.00679999999999957,-0.002));
#3526=CARTESIAN_POINT('',(0.0687000000000084,-0.00679999999999957,0.));
#3527=CARTESIAN_POINT('',(0.0689633163059272,-0.00260826235040492,0.));
#3528=CARTESIAN_POINT('',(0.0687000007353187,-0.00259986811262952,0.));
#3529=CARTESIAN_POINT('',(0.0689633163059272,-0.00260826235040492,-0.002));
#3530=CARTESIAN_POINT('',(0.0689633163059272,-0.00260826235040492,-0.002));
#3531=CARTESIAN_POINT('',(0.0687000000000084,-0.00679999999999957,-0.002));
#3532=CARTESIAN_POINT('',(0.0687,-0.0026,0.01));
#3533=CARTESIAN_POINT('',(0.0689256552363356,0.000391501247586996,-0.002));
#3534=CARTESIAN_POINT('',(0.0719,1.38777878078145E-16,-0.002));
#3535=CARTESIAN_POINT('',(0.0719,1.38777878078145E-16,-0.002));
#3536=CARTESIAN_POINT('',(0.0689256552363356,0.000391501247586996,-0.002));
#3537=CARTESIAN_POINT('',(0.0719,0.0549891538171041,-0.002));
#3538=CARTESIAN_POINT('',(0.0719,0.0549891538171041,0.006505));
#3539=CARTESIAN_POINT('',(0.0719,0.0511326702730476,0.006505));
#3540=CARTESIAN_POINT('',(0.0719,0.0587273297269524,0.006505));
#3541=CARTESIAN_POINT('',(0.0719,0.0511326702730476,0.00503232972695241));
#3542=CARTESIAN_POINT('',(0.0719,0.04966,0.00503232972695241));
#3543=CARTESIAN_POINT('',(0.0719,0.04966,-0.002));
#3544=CARTESIAN_POINT('',(0.0719,0.04966,0.00201767027304759));
#3545=CARTESIAN_POINT('',(0.0719,0.0511326702730476,0.00201767027304759));
#3546=CARTESIAN_POINT('',(0.0719,0.0511326702730476,0.000545));
#3547=CARTESIAN_POINT('',(0.0719,0.0549891538171041,0.000545));
#3548=CARTESIAN_POINT('',(0.0719,0.0587273297269524,0.000545));
#3549=CARTESIAN_POINT('',(0.0719,0.0587273297269524,0.00201767027304759));
#3550=CARTESIAN_POINT('',(0.0719,0.0602,0.00201767027304759));
#3551=CARTESIAN_POINT('',(0.0719,0.0602,-0.002));
#3552=CARTESIAN_POINT('',(0.0719,0.0602,0.00503232972695241));
#3553=CARTESIAN_POINT('',(0.0719,0.0587273297269524,0.00503232972695241));
#3554=CARTESIAN_POINT('',(0.0719,0.0549891538171041,0.005495));
#3555=CARTESIAN_POINT('',(0.0719,0.02055,0.005495));
#3556=CARTESIAN_POINT('',(0.0719,0.02985,0.005495));
#3557=CARTESIAN_POINT('',(0.0719,0.02055,-0.002));
#3558=CARTESIAN_POINT('',(0.0719,0.02055,0.002195));
#3559=CARTESIAN_POINT('',(0.0719,0.0549891538171041,0.002195));
#3560=CARTESIAN_POINT('',(0.0719,0.02985,0.002195));
#3561=CARTESIAN_POINT('',(0.0719,0.02985,-0.002));
#3562=CARTESIAN_POINT('',(0.0719,0.0342146655366381,0.011849658853644));
#3563=CARTESIAN_POINT('',(0.0719,0.0349815596342088,0.013));
#3564=CARTESIAN_POINT('',(0.0719,0.0549891538171041,0.013));
#3565=CARTESIAN_POINT('',(0.0719,0.0749967479999995,0.013));
#3566=CARTESIAN_POINT('',(0.0719,0.0749967479999995,-0.002));
#3567=CARTESIAN_POINT('',(0.0719,0.0749967479999995,-0.002));
#3568=CARTESIAN_POINT('',(0.0719,0.0549891538171041,-0.002));
#3569=CARTESIAN_POINT('',(0.0689252331484515,0.074608466943382,-0.002));
#3570=CARTESIAN_POINT('',(0.0689252331484512,0.0746084669433864,0.013));
#3571=CARTESIAN_POINT('',(0.0687,0.0776,0.013));
#3572=CARTESIAN_POINT('',(0.0687,0.0776,0.013));
#3573=CARTESIAN_POINT('',(0.0687,0.0776,0.));
#3574=CARTESIAN_POINT('',(0.0689252331484512,0.0746084669433864,0.));
#3575=CARTESIAN_POINT('',(0.0689628235790344,0.0776082314273921,0.));
#3576=CARTESIAN_POINT('',(0.0689628235790344,0.0776082314273921,-0.002));
#3577=CARTESIAN_POINT('',(0.0689628235790344,0.0776082314273921,-0.002));
#3578=CARTESIAN_POINT('',(0.0689252331484515,0.074608466943382,-0.002));
#3579=CARTESIAN_POINT('',(0.0687,0.0818000000000041,-0.002));
#3580=CARTESIAN_POINT('',(0.0615084987524131,0.0820256552363356,0.));
#3581=CARTESIAN_POINT('',(0.0645,0.0818,0.));
#3582=CARTESIAN_POINT('',(0.0645082623504049,0.0820633163059273,0.));
#3583=CARTESIAN_POINT('',(0.0645082623504049,0.0820633163059273,-0.002));
#3584=CARTESIAN_POINT('',(0.0645082623504049,0.0820633163059273,-0.002));
#3585=CARTESIAN_POINT('',(0.0687,0.0818000000000041,-0.002));
#3586=CARTESIAN_POINT('',(0.0687,0.0818,0.013));
#3587=CARTESIAN_POINT('',(0.0645,0.0818,0.013));
#3588=CARTESIAN_POINT('',(0.0645,0.0818,0.013));
#3589=CARTESIAN_POINT('',(0.0615084987524131,0.0820256552363356,-0.002));
#3590=CARTESIAN_POINT('',(0.0615084987524131,0.0820256552363356,0.013));
#3591=CARTESIAN_POINT('',(0.0619,0.085,0.013));
#3592=CARTESIAN_POINT('',(0.0619,0.085,-0.002));
#3593=CARTESIAN_POINT('',(0.0619,0.085,-0.002));
#3594=CARTESIAN_POINT('',(0.0615084987524131,0.0820256552363356,-0.002));
#3595=CARTESIAN_POINT('',(0.03545,0.085,-0.002));
#3596=CARTESIAN_POINT('',(0.03545,0.085,0.013));
#3597=CARTESIAN_POINT('',(0.009,0.085,0.013));
#3598=CARTESIAN_POINT('',(0.009,0.085,-0.002));
#3599=CARTESIAN_POINT('',(0.009,0.085,-0.002));
#3600=CARTESIAN_POINT('',(0.03545,0.085,-0.002));
#3601=CARTESIAN_POINT('',(0.00939150124758692,0.0820256552363356,-0.002));
#3602=CARTESIAN_POINT('',(0.00939150124758725,0.0820256552363356,0.013));
#3603=CARTESIAN_POINT('',(0.0064,0.0818,0.013));
#3604=CARTESIAN_POINT('',(0.0064,0.0818,0.013));
#3605=CARTESIAN_POINT('',(0.0064,0.0818,0.));
#3606=CARTESIAN_POINT('',(0.00939150124758725,0.0820256552363356,0.));
#3607=CARTESIAN_POINT('',(0.00639173764959507,0.0820633163059272,0.));
#3608=CARTESIAN_POINT('',(0.00639173764959507,0.0820633163059272,-0.002));
#3609=CARTESIAN_POINT('',(0.00639173764959507,0.0820633163059272,-0.002));
#3610=CARTESIAN_POINT('',(0.00939150124758692,0.0820256552363356,-0.002));
#3611=CARTESIAN_POINT('',(0.006,0.006,-0.002));
#3612=CARTESIAN_POINT('',(0.006,0.006,-0.002));
#3613=CARTESIAN_POINT('',(0.012,0.006,-0.002));
#3614=CARTESIAN_POINT('',(0.006,0.006,0.));
#3615=CARTESIAN_POINT('',(0.012,0.006,0.));
#3616=CARTESIAN_POINT('',(0.00220000000000104,0.0818,-0.002));
#3617=CARTESIAN_POINT('',(0.00220000000000104,0.0818,-0.002));
#3618=CARTESIAN_POINT('',(0.0022,0.0818,0.013));
#3619=CARTESIAN_POINT('',(0.006,0.06895,-0.002));
#3620=CARTESIAN_POINT('',(0.006,0.06895,-0.002));
#3621=CARTESIAN_POINT('',(0.012,0.06895,-0.002));
#3622=CARTESIAN_POINT('',(0.006,0.06895,0.));
#3623=CARTESIAN_POINT('',(0.012,0.06895,0.));
#3624=CARTESIAN_POINT('',(0.0649,0.0647,-0.002));
#3625=CARTESIAN_POINT('',(0.0649,0.0647,-0.002));
#3626=CARTESIAN_POINT('',(0.0699,0.0647,-0.002));
#3627=CARTESIAN_POINT('',(0.0649,0.0647,0.));
#3628=CARTESIAN_POINT('',(0.0699,0.0647,0.));
#3629=CARTESIAN_POINT('',(0.03545,0.0375,-0.002));
#3630=CARTESIAN_POINT('',(0.03545,0.0375,0.));
#3631=CARTESIAN_POINT('',(0.006,0.06895,0.));
#3632=CARTESIAN_POINT('',(0.0088,0.06895,0.));
#3633=CARTESIAN_POINT('',(0.03545,0.0375,0.));
#3634=CARTESIAN_POINT('',(0.006,0.006,0.));
#3635=CARTESIAN_POINT('',(0.0088,0.006,0.));
#3636=CARTESIAN_POINT('',(0.03545,0.0375,0.));
#3637=CARTESIAN_POINT('',(0.0649,0.0647,0.));
#3638=CARTESIAN_POINT('',(0.0677,0.0647,0.));
#3639=CARTESIAN_POINT('',(0.0649,0.0647,-0.006));
#3640=CARTESIAN_POINT('',(0.0649,0.0647,-0.006));
#3641=CARTESIAN_POINT('',(0.0677,0.0647,-0.006));
#3642=CARTESIAN_POINT('',(0.03545,0.0375,-0.006));
#3643=CARTESIAN_POINT('',(0.006,0.006,-0.006));
#3644=CARTESIAN_POINT('',(0.006,0.006,-0.006));
#3645=CARTESIAN_POINT('',(0.0088,0.006,-0.006));
#3646=CARTESIAN_POINT('',(0.03545,0.0375,-0.006));
#3647=CARTESIAN_POINT('',(0.006,0.06895,-0.006));
#3648=CARTESIAN_POINT('',(0.006,0.06895,-0.006));
#3649=CARTESIAN_POINT('',(0.0088,0.06895,-0.006));
#3650=CARTESIAN_POINT('',(0.03545,0.0375,-0.006));
#3651=CARTESIAN_POINT('',(0.0649,0.006,-0.006));
#3652=CARTESIAN_POINT('',(0.0649,0.006,-0.006));
#3653=CARTESIAN_POINT('',(0.0677,0.006,-0.006));
#3654=CARTESIAN_POINT('',(0.03545,0.0375,-0.006));
#3655=CARTESIAN_POINT('',(0.03545,0.0375,-0.0142));
#3656=CARTESIAN_POINT('',(9.99999999999925E-5,0.086,-0.0142));
#3657=CARTESIAN_POINT('',(-0.002,0.086,-0.0142));
#3658=CARTESIAN_POINT('',(0.0729,0.086,-0.0142));
#3659=CARTESIAN_POINT('',(0.0729,0.0583907798171044,-0.0142));
#3660=CARTESIAN_POINT('',(0.0729,-0.011,-0.0142));
#3661=CARTESIAN_POINT('',(0.0708,-0.011,-0.0142));
#3662=CARTESIAN_POINT('',(-0.002,-0.011,-0.0142));
#3663=CARTESIAN_POINT('',(-0.002,0.0583907798171044,-0.0142));
#3664=CARTESIAN_POINT('',(0.00198093871577338,0.0746080086641581,-0.0142));
#3665=CARTESIAN_POINT('',(0.00194438106085889,0.0776077859122007,-0.0142));
#3666=CARTESIAN_POINT('',(-0.001,0.0749456539999815,-0.0142));
#3667=CARTESIAN_POINT('',(-0.001,0.0549636068170951,-0.0142));
#3668=CARTESIAN_POINT('',(-0.001,6.93889390390723E-18,-0.0142));
#3669=CARTESIAN_POINT('',(0.00197434476366441,0.000391501247586951,-0.0142));
#3670=CARTESIAN_POINT('',(0.0019366836940728,-0.00260826235040493,-0.0142));
#3671=CARTESIAN_POINT('',(0.00220000000000003,-0.00680000000000038,-0.0142));
#3672=CARTESIAN_POINT('',(0.00639173764959508,-0.00706331630592722,-0.0142));
#3673=CARTESIAN_POINT('',(0.00939150124758696,-0.0070256552363356,-0.0142));
#3674=CARTESIAN_POINT('',(0.009,-0.01,-0.0142));
#3675=CARTESIAN_POINT('',(0.018725,-0.01,-0.0142));
#3676=CARTESIAN_POINT('',(0.0619,-0.01,-0.0142));
#3677=CARTESIAN_POINT('',(0.0615084987524131,-0.00702565523633559,-0.0142));
#3678=CARTESIAN_POINT('',(0.064508262350405,-0.00706331630592766,-0.0142));
#3679=CARTESIAN_POINT('',(0.0687000000000084,-0.00679999999999957,-0.0142));
#3680=CARTESIAN_POINT('',(0.0689633163059272,-0.00260826235040492,-0.0142));
#3681=CARTESIAN_POINT('',(0.0689256552363356,0.000391501247586996,-0.0142));
#3682=CARTESIAN_POINT('',(0.0719,1.38777878078145E-16,-0.0142));
#3683=CARTESIAN_POINT('',(0.0719,0.0549891538171041,-0.0142));
#3684=CARTESIAN_POINT('',(0.0719,0.0749967479999995,-0.0142));
#3685=CARTESIAN_POINT('',(0.0689252331484515,0.074608466943382,-0.0142));
#3686=CARTESIAN_POINT('',(0.0689628235790344,0.0776082314273921,-0.0142));
#3687=CARTESIAN_POINT('',(0.0687,0.0818000000000041,-0.0142));
#3688=CARTESIAN_POINT('',(0.0645082623504049,0.0820633163059273,-0.0142));
#3689=CARTESIAN_POINT('',(0.0615084987524131,0.0820256552363356,-0.0142));
#3690=CARTESIAN_POINT('',(0.0619,0.085,-0.0142));
#3691=CARTESIAN_POINT('',(0.03545,0.085,-0.0142));
#3692=CARTESIAN_POINT('',(0.009,0.085,-0.0142));
#3693=CARTESIAN_POINT('',(0.00939150124758692,0.0820256552363356,-0.0142));
#3694=CARTESIAN_POINT('',(0.00639173764959507,0.0820633163059272,-0.0142));
#3695=CARTESIAN_POINT('',(0.00220000000000104,0.0818,-0.0142));
#3696=CARTESIAN_POINT('',(0.0687,0.0818,-0.0142));
#3697=CARTESIAN_POINT('',(0.0715,0.0818,-0.0142));
#3698=CARTESIAN_POINT('',(0.0022,-0.0068,-0.0142));
#3699=CARTESIAN_POINT('',(0.005,-0.0068,-0.0142));
#3700=CARTESIAN_POINT('',(0.0022,0.0818,-0.0142));
#3701=CARTESIAN_POINT('',(0.005,0.0818,-0.0142));
#3702=CARTESIAN_POINT('',(0.0687,-0.0068,-0.0142));
#3703=CARTESIAN_POINT('',(0.0715,-0.0068,-0.0142));
#3704=CARTESIAN_POINT('',(0.03545,0.0375,-0.001));
#3705=CARTESIAN_POINT('',(0.0687,-0.0068,-0.001));
#3706=CARTESIAN_POINT('',(0.0715,-0.0068,-0.001));
#3707=CARTESIAN_POINT('',(0.0687,-0.0068,-0.007));
#3708=CARTESIAN_POINT('',(0.03545,0.0375,-0.001));
#3709=CARTESIAN_POINT('',(0.0022,0.0818,-0.001));
#3710=CARTESIAN_POINT('',(0.005,0.0818,-0.001));
#3711=CARTESIAN_POINT('',(0.0022,0.0818,-0.007));
#3712=CARTESIAN_POINT('',(0.03545,0.0375,-0.001));
#3713=CARTESIAN_POINT('',(0.0022,-0.0068,-0.001));
#3714=CARTESIAN_POINT('',(0.005,-0.0068,-0.001));
#3715=CARTESIAN_POINT('',(0.0022,-0.0068,-0.007));
#3716=CARTESIAN_POINT('',(0.03545,0.0375,-0.001));
#3717=CARTESIAN_POINT('',(0.0687,0.0818,-0.001));
#3718=CARTESIAN_POINT('',(0.0715,0.0818,-0.001));
#3719=CARTESIAN_POINT('',(0.0687,0.0818,-0.007));
#3720=CARTESIAN_POINT('',(0.00198093871577338,0.0746080086641581,-0.0068));
#3721=CARTESIAN_POINT('',(0.00194438106085881,0.0776077859121996,-0.0068));
#3722=CARTESIAN_POINT('',(0.00194438106085881,0.0776077859121996,-0.0068));
#3723=CARTESIAN_POINT('',(0.00198093871577338,0.0746080086641581,-0.0068));
#3724=CARTESIAN_POINT('',(-0.001,0.0749456539999815,-0.0068));
#3725=CARTESIAN_POINT('',(-0.001,0.0749456539999815,-0.0068));
#3726=CARTESIAN_POINT('',(-0.001,0.0549636068170951,-0.0068));
#3727=CARTESIAN_POINT('',(-0.001,0.0549636068170951,-0.0068));
#3728=CARTESIAN_POINT('',(-0.001,6.93889390390723E-18,-0.0068));
#3729=CARTESIAN_POINT('',(-0.001,6.93889390390723E-18,-0.0068));
#3730=CARTESIAN_POINT('',(0.00197434476366441,0.000391501247586951,-0.0068));
#3731=CARTESIAN_POINT('',(0.00197434476366441,0.000391501247586951,-0.0068));
#3732=CARTESIAN_POINT('',(0.0019366836940728,-0.00260826235040493,-0.0068));
#3733=CARTESIAN_POINT('',(0.0019366836940728,-0.00260826235040493,-0.0068));
#3734=CARTESIAN_POINT('',(0.00220000000000003,-0.00680000000000038,-0.0068));
#3735=CARTESIAN_POINT('',(0.00220000000000003,-0.00680000000000038,-0.0068));
#3736=CARTESIAN_POINT('',(0.00639173764959508,-0.00706331630592722,-0.0068));
#3737=CARTESIAN_POINT('',(0.00639173764959508,-0.00706331630592722,-0.0068));
#3738=CARTESIAN_POINT('',(0.00939150124758696,-0.0070256552363356,-0.0068));
#3739=CARTESIAN_POINT('',(0.00939150124758696,-0.0070256552363356,-0.0068));
#3740=CARTESIAN_POINT('',(0.009,-0.01,-0.0068));
#3741=CARTESIAN_POINT('',(0.009,-0.01,-0.0068));
#3742=CARTESIAN_POINT('',(0.018725,-0.01,-0.0068));
#3743=CARTESIAN_POINT('',(0.018725,-0.01,-0.0068));
#3744=CARTESIAN_POINT('',(0.0619,-0.01,-0.0068));
#3745=CARTESIAN_POINT('',(0.0619,-0.01,-0.0068));
#3746=CARTESIAN_POINT('',(0.0615084987524131,-0.00702565523633559,-0.0068));
#3747=CARTESIAN_POINT('',(0.0615084987524131,-0.00702565523633559,-0.0068));
#3748=CARTESIAN_POINT('',(0.064508262350405,-0.00706331630592766,-0.0068));
#3749=CARTESIAN_POINT('',(0.064508262350405,-0.00706331630592766,-0.0068));
#3750=CARTESIAN_POINT('',(0.0687000000000084,-0.00679999999999957,-0.0068));
#3751=CARTESIAN_POINT('',(0.0687000000000084,-0.00679999999999957,-0.0068));
#3752=CARTESIAN_POINT('',(0.0689633163059272,-0.00260826235040492,-0.0068));
#3753=CARTESIAN_POINT('',(0.0689633163059272,-0.00260826235040492,-0.0068));
#3754=CARTESIAN_POINT('',(0.0689256552363356,0.000391501247586996,-0.0068));
#3755=CARTESIAN_POINT('',(0.0689256552363356,0.000391501247586996,-0.0068));
#3756=CARTESIAN_POINT('',(0.0719,1.38777878078145E-16,-0.0068));
#3757=CARTESIAN_POINT('',(0.0719,1.38777878078145E-16,-0.0068));
#3758=CARTESIAN_POINT('',(0.0719,0.0549891538171041,-0.0068));
#3759=CARTESIAN_POINT('',(0.0719,0.0549891538171041,-0.0068));
#3760=CARTESIAN_POINT('',(0.0719,0.0749967479999995,-0.0068));
#3761=CARTESIAN_POINT('',(0.0719,0.0749967479999995,-0.0068));
#3762=CARTESIAN_POINT('',(0.0689252331484515,0.074608466943382,-0.0068));
#3763=CARTESIAN_POINT('',(0.0689252331484515,0.074608466943382,-0.0068));
#3764=CARTESIAN_POINT('',(0.0689628235790344,0.0776082314273921,-0.0068));
#3765=CARTESIAN_POINT('',(0.0689628235790344,0.0776082314273921,-0.0068));
#3766=CARTESIAN_POINT('',(0.0687,0.0818000000000041,-0.0068));
#3767=CARTESIAN_POINT('',(0.0687,0.0818000000000041,-0.0068));
#3768=CARTESIAN_POINT('',(0.0645082623504049,0.0820633163059273,-0.0068));
#3769=CARTESIAN_POINT('',(0.0645082623504049,0.0820633163059273,-0.0068));
#3770=CARTESIAN_POINT('',(0.0615084987524131,0.0820256552363356,-0.0068));
#3771=CARTESIAN_POINT('',(0.0615084987524131,0.0820256552363356,-0.0068));
#3772=CARTESIAN_POINT('',(0.0619,0.085,-0.0068));
#3773=CARTESIAN_POINT('',(0.0619,0.085,-0.0068));
#3774=CARTESIAN_POINT('',(0.03545,0.085,-0.0068));
#3775=CARTESIAN_POINT('',(0.03545,0.085,-0.0068));
#3776=CARTESIAN_POINT('',(0.009,0.085,-0.0068));
#3777=CARTESIAN_POINT('',(0.009,0.085,-0.0068));
#3778=CARTESIAN_POINT('',(0.00939150124758692,0.0820256552363356,-0.0068));
#3779=CARTESIAN_POINT('',(0.00939150124758692,0.0820256552363356,-0.0068));
#3780=CARTESIAN_POINT('',(0.00639173764959507,0.0820633163059272,-0.0068));
#3781=CARTESIAN_POINT('',(0.00639173764959507,0.0820633163059272,-0.0068));
#3782=CARTESIAN_POINT('',(0.00220000000000104,0.0818,-0.0068));
#3783=CARTESIAN_POINT('',(0.00220000000000104,0.0818,-0.0068));
#3784=CARTESIAN_POINT('',(0.03545,0.0375,-0.0068));
#3785=CARTESIAN_POINT('',(0.0729,0.0583907798171044,-0.0162));
#3786=CARTESIAN_POINT('',(0.0729,0.086,-0.0162));
#3787=CARTESIAN_POINT('',(0.0729,0.086,-0.0162));
#3788=CARTESIAN_POINT('',(0.0729,0.0583907798171044,-0.0162));
#3789=CARTESIAN_POINT('',(0.0729,-0.011,-0.0162));
#3790=CARTESIAN_POINT('',(0.0729,-0.011,-0.0162));
#3791=CARTESIAN_POINT('',(0.0708,-0.011,-0.0162));
#3792=CARTESIAN_POINT('',(0.0708,-0.011,-0.0162));
#3793=CARTESIAN_POINT('',(-0.002,-0.011,-0.0162));
#3794=CARTESIAN_POINT('',(-0.002,-0.011,-0.0162));
#3795=CARTESIAN_POINT('',(-0.002,0.0583907798171044,-0.0162));
#3796=CARTESIAN_POINT('',(-0.002,0.0583907798171044,-0.0162));
#3797=CARTESIAN_POINT('',(-0.002,0.086,-0.0162));
#3798=CARTESIAN_POINT('',(-0.002,0.086,-0.0162));
#3799=CARTESIAN_POINT('',(9.99999999999925E-5,0.086,-0.0162));
#3800=CARTESIAN_POINT('',(9.99999999999925E-5,0.086,-0.0162));
#3801=CARTESIAN_POINT('',(0.0687,-0.0068,0.01));
#3802=CARTESIAN_POINT('',(0.0687,-0.0068,0.004));
#3803=CARTESIAN_POINT('',(0.0715,-0.0068,0.004));
#3804=CARTESIAN_POINT('',(0.03545,0.0375,0.004));
#3805=CARTESIAN_POINT('',(0.0022,-0.0068,0.01));
#3806=CARTESIAN_POINT('',(0.0022,-0.0068,0.004));
#3807=CARTESIAN_POINT('',(0.005,-0.0068,0.004));
#3808=CARTESIAN_POINT('',(0.03545,0.0375,0.004));
#3809=CARTESIAN_POINT('',(0.0708,-0.011,0.012));
#3810=CARTESIAN_POINT('',(0.0708,-0.011,0.012));
#3811=CARTESIAN_POINT('',(0.03545,0.0375,0.013));
#3812=CARTESIAN_POINT('',(0.03545,0.0349815596342088,0.013));
#3813=CARTESIAN_POINT('',(0.03545,0.0349815596342088,0.013));
#3814=CARTESIAN_POINT('',(9.99999999999925E-5,0.086,0.013));
#3815=CARTESIAN_POINT('',(0.0022,0.0818,0.013));
#3816=CARTESIAN_POINT('',(0.005,0.0818,0.013));
#3817=CARTESIAN_POINT('',(0.0687,0.0818,0.013));
#3818=CARTESIAN_POINT('',(0.0715,0.0818,0.013));
#3819=CARTESIAN_POINT('',(0.0687,0.0818,0.013));
#3820=CARTESIAN_POINT('',(0.0687,0.0818,0.007));
#3821=CARTESIAN_POINT('',(0.0715,0.0818,0.007));
#3822=CARTESIAN_POINT('',(0.03545,0.0375,0.007));
#3823=CARTESIAN_POINT('',(0.0022,0.0818,0.013));
#3824=CARTESIAN_POINT('',(0.0022,0.0818,0.007));
#3825=CARTESIAN_POINT('',(0.005,0.0818,0.007));
#3826=CARTESIAN_POINT('',(0.03545,0.0375,0.007));
#3827=CARTESIAN_POINT('',(9.99999999999925E-5,0.086,0.015));
#3828=CARTESIAN_POINT('',(9.99999999999925E-5,0.086,0.015));
#3829=CARTESIAN_POINT('',(-0.0015,0.0329815596342087,0.01));
#3830=CARTESIAN_POINT('',(0.0724,0.0329815596342087,0.01));
#3831=CARTESIAN_POINT('',(-0.019,0.0434,0.003875));
#3832=CARTESIAN_POINT('',(-0.019,0.035875,0.003875));
#3833=CARTESIAN_POINT('',(-0.002,0.035875,0.003875));
#3834=CARTESIAN_POINT('',(-0.002,0.050925,0.003875));
#3835=CARTESIAN_POINT('',(-0.002,0.050925,0.003875));
#3836=CARTESIAN_POINT('',(-0.019,0.050925,0.003875));
#3837=CARTESIAN_POINT('',(-0.019,0.050925,0.002535));
#3838=CARTESIAN_POINT('',(-0.002,0.050925,0.002535));
#3839=CARTESIAN_POINT('',(-0.002,0.050925,0.001195));
#3840=CARTESIAN_POINT('',(-0.019,0.050925,0.001195));
#3841=CARTESIAN_POINT('',(-0.019,0.0434,0.001195));
#3842=CARTESIAN_POINT('',(-0.002,0.0434,0.001195));
#3843=CARTESIAN_POINT('',(-0.002,0.035875,0.001195));
#3844=CARTESIAN_POINT('',(-0.019,0.035875,0.001195));
#3845=CARTESIAN_POINT('',(-0.019,0.035875,0.002535));
#3846=CARTESIAN_POINT('',(-0.002,0.035875,0.003875));
#3847=CARTESIAN_POINT('',(-0.019,0.0572,0.004095));
#3848=CARTESIAN_POINT('',(0.0909,0.0252,0.005495));
#3849=CARTESIAN_POINT('',(0.0909,0.02985,0.005495));
#3850=CARTESIAN_POINT('',(0.0729,0.02985,0.005495));
#3851=CARTESIAN_POINT('',(0.0729,0.0252,0.005495));
#3852=CARTESIAN_POINT('',(0.0729,0.02055,0.005495));
#3853=CARTESIAN_POINT('',(0.0909,0.02055,0.005495));
#3854=CARTESIAN_POINT('',(0.0909,0.02055,0.003845));
#3855=CARTESIAN_POINT('',(0.0729,0.02055,0.002195));
#3856=CARTESIAN_POINT('',(0.0729,0.02055,0.002195));
#3857=CARTESIAN_POINT('',(0.0909,0.02055,0.002195));
#3858=CARTESIAN_POINT('',(0.0909,0.0252,0.002195));
#3859=CARTESIAN_POINT('',(0.0729,0.02985,0.002195));
#3860=CARTESIAN_POINT('',(0.0729,0.02985,0.002195));
#3861=CARTESIAN_POINT('',(0.0909,0.02985,0.002195));
#3862=CARTESIAN_POINT('',(0.0909,0.02985,0.003845));
#3863=CARTESIAN_POINT('',(0.0729,0.02985,0.003845));
#3864=CARTESIAN_POINT('',(0.0909,0.05493,0.006505));
#3865=CARTESIAN_POINT('',(0.0739,0.0587273297269524,0.006505));
#3866=CARTESIAN_POINT('',(0.0909,0.0511326702730476,0.006505));
#3867=CARTESIAN_POINT('',(0.0909,0.04966,0.003525));
#3868=CARTESIAN_POINT('',(0.0719,0.04966,0.00201767027304759));
#3869=CARTESIAN_POINT('',(0.0909,0.04966,0.00503232972695241));
#3870=CARTESIAN_POINT('',(0.0909,0.05493,0.000545));
#3871=CARTESIAN_POINT('',(0.0739,0.0511326702730476,0.000545));
#3872=CARTESIAN_POINT('',(0.0909,0.0587273297269524,0.000545));
#3873=CARTESIAN_POINT('',(0.0909,0.0602,0.003525));
#3874=CARTESIAN_POINT('',(0.0909,0.0602,0.00201767027304759));
#3875=CARTESIAN_POINT('',(0.0719,0.0602,0.00503232972695241));
#3876=CARTESIAN_POINT('',(0.0909,0.0511326702730476,0.00201767027304759));
#3877=CARTESIAN_POINT('',(0.0909,0.0587273297269524,0.00201767027304759));
#3878=CARTESIAN_POINT('',(0.0909,0.0587273297269524,0.00503232972695241));
#3879=CARTESIAN_POINT('',(0.0909,0.0511326702730476,0.00503232972695241));
#3880=CARTESIAN_POINT('',(0.0729,0.02055,0.003845));
#3881=CARTESIAN_POINT('',(0.07235,0.0211,0.002745));
#3882=CARTESIAN_POINT('',(0.0600864067276319,0.0333635932723682,-0.00731859327236812));
#3883=CARTESIAN_POINT('',(0.0739,0.0609907798171044,0.006495));
#3884=CARTESIAN_POINT('',(0.0694016666666667,0.0263516666666667,0.00199666666666668));
#3885=CARTESIAN_POINT('',(0.0729,0.0252,0.002195));
#3886=CARTESIAN_POINT('',(0.0766316666666667,0.0335816666666666,-0.00153666666666666));
#3887=CARTESIAN_POINT('',(0.0739,0.03085,-0.007));
#3888=CARTESIAN_POINT('',(-0.002,-0.011,0.011));
#3889=CARTESIAN_POINT('',(-0.002,-0.011,0.011));
#3890=CARTESIAN_POINT('',(-0.002,-0.011,0.011));
#3891=CARTESIAN_POINT('',(-0.002,-0.011,0.011));
#3892=CARTESIAN_POINT('',(-0.002,-0.011,-0.007));
#3893=CARTESIAN_POINT('',(-0.002,-0.011,-0.0152));
#3894=CARTESIAN_POINT('',(0.03545,-0.011,0.011));
#3895=CARTESIAN_POINT('',(0.0729,-0.011,0.011));
#3896=CARTESIAN_POINT('',(-0.002,0.0375,0.011));
#3897=CARTESIAN_POINT('',(-0.002,0.0335167433926968,0.011));
#3898=CARTESIAN_POINT('',(-0.002,-0.011,-0.0152));
#3899=CARTESIAN_POINT('',(-0.002,-0.011,-0.0152));
#3900=CARTESIAN_POINT('',(-0.002,-0.011,-0.0152));
#3901=CARTESIAN_POINT('',(0.0729,-0.011,0.011));
#3902=CARTESIAN_POINT('',(0.0729,-0.011,0.011));
#3903=CARTESIAN_POINT('',(0.0729,-0.011,0.011));
#3904=CARTESIAN_POINT('',(-0.002,0.033662600754053,0.0112187860420343));
#3905=CARTESIAN_POINT('',(-0.002,0.0355167433926968,0.014));
#3906=CARTESIAN_POINT('',(-0.002,0.0609907798171044,-0.0152));
#3907=CARTESIAN_POINT('',(-0.002,0.086,-0.0152));
#3908=CARTESIAN_POINT('',(0.03545,-0.011,-0.0152));
#3909=CARTESIAN_POINT('',(0.0729,-0.011,-0.0152));
#3910=CARTESIAN_POINT('',(0.0729,-0.011,-0.007));
#3911=CARTESIAN_POINT('',(0.0729,-0.011,-0.0152));
#3912=CARTESIAN_POINT('',(0.0729,0.0609907798171044,0.011));
#3913=CARTESIAN_POINT('',(0.0729,0.0335167433926968,0.011));
#3914=CARTESIAN_POINT('',(-0.002,0.0375,0.014));
#3915=CARTESIAN_POINT('',(-0.002,0.086,0.014));
#3916=CARTESIAN_POINT('',(-0.002,0.086,-0.007));
#3917=CARTESIAN_POINT('',(-0.002,0.086,-0.0152));
#3918=CARTESIAN_POINT('',(-0.002,0.086,0.014));
#3919=CARTESIAN_POINT('',(-0.002,0.086,-0.0152));
#3920=CARTESIAN_POINT('',(-0.002,0.086,-0.0152));
#3921=CARTESIAN_POINT('',(0.0729,-0.011,-0.0152));
#3922=CARTESIAN_POINT('',(0.0729,-0.011,-0.0152));
#3923=CARTESIAN_POINT('',(0.0729,0.033662600754053,0.0112187860420343));
#3924=CARTESIAN_POINT('',(0.0729,0.0355167433926968,0.014));
#3925=CARTESIAN_POINT('',(-0.002,0.086,0.014));
#3926=CARTESIAN_POINT('',(-0.002,0.086,0.014));
#3927=CARTESIAN_POINT('',(0.03545,0.086,-0.0152));
#3928=CARTESIAN_POINT('',(0.0729,0.086,-0.0152));
#3929=CARTESIAN_POINT('',(0.0729,0.0375,-0.0152));
#3930=CARTESIAN_POINT('',(0.0729,0.086,-0.0152));
#3931=CARTESIAN_POINT('',(0.0729,0.0609907798171044,0.014));
#3932=CARTESIAN_POINT('',(0.0729,0.086,0.014));
#3933=CARTESIAN_POINT('',(0.03545,0.086,0.014));
#3934=CARTESIAN_POINT('',(0.0729,0.086,0.014));
#3935=CARTESIAN_POINT('',(0.0729,0.086,-0.0152));
#3936=CARTESIAN_POINT('',(0.0729,0.086,-0.0152));
#3937=CARTESIAN_POINT('',(0.0729,0.086,0.014));
#3938=CARTESIAN_POINT('',(0.0729,0.086,0.014));
#3939=CARTESIAN_POINT('',(0.0729,0.086,-0.007));
#3940=CARTESIAN_POINT('',(-0.003,0.051925,-0.007));
#3941=CARTESIAN_POINT('',(0.000958333333333335,0.0479666666666667,0.000916666666666664));
#3942=CARTESIAN_POINT('',(-0.00602192660570146,0.0549469266057015,-0.00282692660570146));
#3943=CARTESIAN_POINT('',(-0.003,0.0609907798171044,0.000194999999999994));
#3944=CARTESIAN_POINT('',(-0.00155333333333334,0.0363216666666666,0.00164166666666666));
#3945=CARTESIAN_POINT('',(-0.002,0.0434,0.003875));
#3946=CARTESIAN_POINT('',(-0.00155333333333333,0.0363216666666666,0.00342833333333334));
#3947=CARTESIAN_POINT('',(-0.002,0.035875,0.002535));
#3948=MECHANICAL_DESIGN_GEOMETRIC_PRESENTATION_REPRESENTATION('',(#2297),
#3949);
#3949=(
GEOMETRIC_REPRESENTATION_CONTEXT(3)
GLOBAL_UNCERTAINTY_ASSIGNED_CONTEXT((#3950))
GLOBAL_UNIT_ASSIGNED_CONTEXT((#3953,#3952,#3951))
REPRESENTATION_CONTEXT('MP3_COVER_Main','TOP_LEVEL_ASSEMBLY_PART')
);
#3950=UNCERTAINTY_MEASURE_WITH_UNIT(LENGTH_MEASURE(2.02757522259662E-5),
#3953,'DISTANCE_ACCURACY_VALUE','Maximum Tolerance applied to model');
#3951=(
NAMED_UNIT(*)
SI_UNIT($,.STERADIAN.)
SOLID_ANGLE_UNIT()
);
#3952=(
NAMED_UNIT(*)
PLANE_ANGLE_UNIT()
SI_UNIT($,.RADIAN.)
);
#3953=(
LENGTH_UNIT()
NAMED_UNIT(*)
SI_UNIT($,.METRE.)
);
#3954=PRODUCT_DEFINITION_SHAPE('','',#3955);
#3955=PRODUCT_DEFINITION('','',#3957,#3956);
#3956=PRODUCT_DEFINITION_CONTEXT('',#3963,'design');
#3957=PRODUCT_DEFINITION_FORMATION_WITH_SPECIFIED_SOURCE('','',#3959,
 .NOT_KNOWN.);
#3958=PRODUCT_RELATED_PRODUCT_CATEGORY('','',(#3959));
#3959=PRODUCT('MP3_COVER_Main','MP3_COVER_Main','MP3_COVER_Main',(#3961));
#3960=PRODUCT_CATEGORY('','');
#3961=PRODUCT_CONTEXT('',#3963,'mechanical');
#3962=APPLICATION_PROTOCOL_DEFINITION('international standard',
'ap242_managed_model_based_3d_engineering',2020,#3963);
#3963=APPLICATION_CONTEXT('managed model based 3d engineering');
ENDSEC;
END-ISO-10303-21;
